 *******************************************************************************
 **                                                                           **
 **                              MOPAC v23.1.2                                **
 **                                                                           **
 *******************************************************************************
 **          Digital Object Identifier (DOI): 10.5281/zenodo.6511958          **
 **    Visit the DOI location for information on how to cite this program.    **
 *******************************************************************************

                              PM6-D3H4X CALCULATION RESULTS

 *******************************************************************************
 *  CALCULATION DONE: (MAX THREADS = 2)              Wed Oct  1 23:34:07 2025  *
 *  GEO-OK     - OVERRIDE INTERATOMIC DISTANCE AND OTHER SAFETY CHECKS
 *  PM6-D3H4   - CORRECT DISPERSION AND HYDROGEN BOND TERMS USING THE D3H4 METHOD
 *  SINGLET    - SPIN STATE DEFINED AS A SINGLET
 *  START_RES  - STARTING RESIDUE NUMBERS DEFINED
 *  Keyword:     START_RES=(1A) 
 *  GEO_DAT    - DATA SET GEOMETRY IS IN FILE "test_dense.pdb"
 *  CHAINS     - PDB CHAIN LETTERS EXPLICITLY DEFINED
 *  Keyword:     CHAINS=(A) 
 *  MAX        - GRID SIZE 23*23 
 *
 *
 *
 *                 CHARGE ON SYSTEM = +2
 *
 *
 *
 *  XYZ        - CARTESIAN COORDINATE SYSTEM TO BE USED
 *  1SCF       - DO 1 SCF AND THEN STOP 
 *  T=         - A TIME OF 172800.0 SECONDS REQUESTED
 *  DUMP=N     - RESTART FILE WRITTEN EVERY 7200.0 SECONDS REQUESTED
 *  SCFCRT     - DEFAULT SCF CRITERION REPLACED BY   0.100E-09
 *******************************************************************************
 START_RES=(1A)  CHAINS=(A) GEO_DAT="test_dense.pdb" PM6-D3H4X  1SCF  XYZ  GEO-OK  CHARGE=2  SINGLET  SCFCRT=1.D-10 MAXIT=999
 Dense frequency job — harmonic analysis for thermochemistry

   ATOM                 CHEMICAL                   X               Y               Z
  NUMBER                 SYMBOL               (ANGSTROMS)     (ANGSTROMS)     (ANGSTROMS)

     1       N(ATOM      1  N   ASP A   1)    1.55200000  *   0.47000000  *  -2.64000000  *
     2       C(ATOM      2  CA  ASP A   1)    2.12200000  *   0.06700000  *  -1.34400000  *
     3       C(ATOM      3  C   ASP A   1)    3.49800000  *  -0.53600000  *  -1.47800000  *
     4       O(ATOM      4  O   ASP A   1)    4.46500000  *   0.21200000  *  -1.46800000  *
     5       C(ATOM      5  CB  ASP A   1)    1.08200000  *  -0.72900000  *  -0.53500000  *
     6       C(ATOM      6  CG  ASP A   1)   -0.21300000  *   0.09800000  *  -0.50900000  *
     7       O(ATOM      7  OD1 ASP A   1)   -0.90600000  *  -0.16700000  *  -1.51400000  *
     8       O(ATOM      8  OD2 ASP A   1)    0.02100000  *   1.29800000  *  -0.21300000  *
     9       H(ATOM      9  H1  ASP A   1)    0.60700000  *   0.81600000  *  -2.44300000  *
    10       H(ATOM     10  HA  ASP A   1)    2.29300000  *   0.98200000  *  -0.77900000  *
    11       H(ATOM     11  HB2 ASP A   1)    0.89800000  *  -1.68500000  *  -1.03800000  *
    12       H(ATOM     12  HB3 ASP A   1)    1.46400000  *  -0.94000000  *   0.46300000  *
    13       H(ATOM     13  H2  ASP A   1)    2.10100000  *   1.20300000  *  -3.05700000  *
    14       H(ATOM     14  H3  ASP A   1)    1.46400000  *  -0.32000000  *  -3.26300000  *
    15       N(ATOM     15  N   CYS A   2)    3.60000000  *  -1.83500000  *  -1.68600000  *
    16       C(ATOM     16  CA  CYS A   2)    4.88000000  *  -2.54100000  *  -1.82800000  *
    17       C(ATOM     17  C   CYS A   2)    5.20000000  *  -2.91600000  *  -3.28600000  *
    18       O(ATOM     18  O   CYS A   2)    4.29900000  *  -2.96400000  *  -4.12300000  *
    19       C(ATOM     19  CB  CYS A   2)    4.83100000  *  -3.77400000  *  -0.92500000  *
    20       S(ATOM     20  SG  CYS A   2)    3.72300000  *  -5.09800000  *  -1.48900000  *
    21       H(ATOM     21  H   CYS A   2)    2.76900000  *  -2.41400000  *  -1.75600000  *
    22       H(ATOM     22  HA  CYS A   2)    5.68300000  *  -1.89500000  *  -1.46800000  *
    23       H(ATOM     23  HB2 CYS A   2)    5.83800000  *  -4.17400000  *  -0.88800000  *
    24       H(ATOM     24  HB3 CYS A   2)    4.54300000  *  -3.46800000  *   0.08200000  *
    25       N(ATOM     25  N   GLY A   3)    6.46000000  *  -3.27100000  *  -3.53300000  *
    26       C(ATOM     26  CA  GLY A   3)    6.94000000  *  -3.99200000  *  -4.71400000  *
    27       C(ATOM     27  C   GLY A   3)    7.30800000  *  -5.46100000  *  -4.43000000  *
    28       O(ATOM     28  O   GLY A   3)    7.22600000  *  -5.94400000  *  -3.29200000  *
    29       H(ATOM     29  H   GLY A   3)    7.15100000  *  -3.13600000  *  -2.80800000  *
    30       H(ATOM     30  HA2 GLY A   3)    6.18300000  *  -3.97300000  *  -5.50000000  *
    31       H(ATOM     31  HA3 GLY A   3)    7.82700000  *  -3.49000000  *  -5.10100000  *
    32       N(ATOM     32  N   HIS A   4)    7.64300000  *  -6.17600000  *  -5.50200000  *
    33       C(ATOM     33  CA  HIS A   4)    7.82400000  *  -7.62500000  *  -5.59900000  *
    34       C(ATOM     34  C   HIS A   4)    9.08600000  *  -8.16600000  *  -4.89200000  *
    35       O(ATOM     35  O   HIS A   4)   10.01200000  *  -7.43500000  *  -4.54200000  *
    36       C(ATOM     36  CB  HIS A   4)    7.86700000  *  -8.01600000  *  -7.08900000  *
    37       C(ATOM     37  CG  HIS A   4)    6.83200000  *  -7.36900000  *  -7.97600000  *
    38       N(ATOM     38  ND1 HIS A   4)    7.10200000  *  -6.55700000  *  -9.04500000  *
    39       C(ATOM     39  CD2 HIS A   4)    5.46700000  *  -7.50300000  *  -7.90900000  *
    40       C(ATOM     40  CE1 HIS A   4)    5.94200000  *  -6.19000000  *  -9.60200000  *
    41       N(ATOM     41  NE2 HIS A   4)    4.90700000  *  -6.75500000  *  -8.95200000  *
    42       H(ATOM     42  H   HIS A   4)    7.74400000  *  -5.64600000  *  -6.37000000  *
    43       H(ATOM     43  HA  HIS A   4)    6.95600000  *  -8.10200000  *  -5.14000000  *
    44       H(ATOM     44  HB2 HIS A   4)    8.84900000  *  -7.74100000  *  -7.48000000  *
    45       H(ATOM     45  HB3 HIS A   4)    7.76800000  *  -9.09800000  *  -7.18100000  *
    46       H(ATOM     46  HD1 HIS A   4)    8.02400000  *  -6.12600000  *  -9.22400000  *
    47       H(ATOM     47  HD2 HIS A   4)    4.92600000  *  -8.07400000  *  -7.16900000  *
    48       H(ATOM     48  HE1 HIS A   4)    5.84000000  *  -5.51000000  * -10.43900000  *
    49       N(ATOM     49  N   LEU A   5)    9.23300000  *  -9.50100000  *  -4.89300000  *
    50       C(ATOM     50  CA  LEU A   5)   10.39400000  * -10.24300000  *  -4.34400000  *
    51       C(ATOM     51  C   LEU A   5)   11.75600000  *  -9.79300000  *  -4.91400000  *
    52       O(ATOM     52  O   LEU A   5)   12.69400000  *  -9.63700000  *  -4.14100000  *
    53       C(ATOM     53  CB  LEU A   5)   10.15000000  * -11.76000000  *  -4.52900000  *
    54       C(ATOM     54  CG  LEU A   5)   11.35700000  * -12.69700000  *  -4.33800000  *
    55       C(ATOM     55  CD1 LEU A   5)   11.99100000  * -12.63500000  *  -2.95000000  *
    56       C(ATOM     56  CD2 LEU A   5)   10.92000000  * -14.14800000  *  -4.55900000  *
    57       H(ATOM     57  H   LEU A   5)    8.47400000  * -10.05800000  *  -5.25900000  *
    58       H(ATOM     58  HA  LEU A   5)   10.45000000  * -10.04500000  *  -3.27200000  *
    59       H(ATOM     59  HB2 LEU A   5)    9.34700000  * -12.05400000  *  -3.84600000  *
    60       H(ATOM     60  HB3 LEU A   5)    9.78800000  * -11.90700000  *  -5.54900000  *
    61       H(ATOM     61  HG  LEU A   5)   12.10700000  * -12.41200000  *  -5.05500000  *
    62       H(ATOM     62 HD11 LEU A   5)   11.27600000  * -12.96500000  *  -2.18500000  *
    63       H(ATOM     63 HD12 LEU A   5)   12.33600000  * -11.62400000  *  -2.70100000  *
    64       H(ATOM     64 HD13 LEU A   5)   12.85500000  * -13.30800000  *  -2.93000000  *
    65       H(ATOM     65 HD21 LEU A   5)   10.31700000  * -14.20100000  *  -5.46200000  *
    66       H(ATOM     66 HD22 LEU A   5)   10.34200000  * -14.52800000  *  -3.70500000  *
    67       H(ATOM     67 HD23 LEU A   5)   11.81700000  * -14.74500000  *  -4.69100000  *
    68       N(ATOM     68  N   HIS A   6)   11.87500000  *  -9.60600000  *  -6.23200000  *
    69       C(ATOM     69  CA  HIS A   6)   13.14200000  *  -9.25100000  *  -6.89800000  *
    70       C(ATOM     70  C   HIS A   6)   13.18100000  *  -7.81500000  *  -7.46600000  *
    71       O(ATOM     71  O   HIS A   6)   14.04900000  *  -7.49800000  *  -8.28100000  *
    72       C(ATOM     72  CB  HIS A   6)   13.50400000  * -10.33100000  *  -7.93700000  *
    73       C(ATOM     73  CG  HIS A   6)   13.75800000  * -11.69400000  *  -7.34000000  *
    74       N(ATOM     74  ND1 HIS A   6)   14.66800000  * -11.98100000  *  -6.34700000  *
    75       C(ATOM     75  CD2 HIS A   6)   13.12800000  * -12.86800000  *  -7.66000000  *
    76       C(ATOM     76  CE1 HIS A   6)   14.60000000  * -13.29700000  *  -6.08700000  *
    77       N(ATOM     77  NE2 HIS A   6)   13.67300000  * -13.88000000  *  -6.86200000  *
    78       H(ATOM     78  H   HIS A   6)   11.06400000  *  -9.76200000  *  -6.80900000  *
    79       H(ATOM     79  HA  HIS A   6)   13.93900000  *  -9.26500000  *  -6.15400000  *
    80       H(ATOM     80  HB2 HIS A   6)   12.70300000  * -10.40100000  *  -8.67500000  *
    81       H(ATOM     81  HB3 HIS A   6)   14.41300000  * -10.03400000  *  -8.46100000  *
    82       H(ATOM     82  HD1 HIS A   6)   15.24500000  * -11.30600000  *  -5.86600000  *
    83       H(ATOM     83  HD2 HIS A   6)   12.34900000  * -12.99500000  *  -8.39800000  *
    84       H(ATOM     84  HE1 HIS A   6)   15.19000000  * -13.81900000  *  -5.34500000  *
    85       N(ATOM     85  N   ASP A   7)   12.25100000  *  -6.94600000  *  -7.05600000  *
    86       C(ATOM     86  CA  ASP A   7)   12.13700000  *  -5.57000000  *  -7.56500000  *
    87       C(ATOM     87  C   ASP A   7)   13.37000000  *  -4.68700000  *  -7.28000000  *
    88       O(ATOM     88  O   ASP A   7)   14.09600000  *  -4.90100000  *  -6.31000000  *
    89       C(ATOM     89  CB  ASP A   7)   10.88100000  *  -4.89300000  *  -6.97700000  *
    90       C(ATOM     90  CG  ASP A   7)    9.65500000  *  -4.93800000  *  -7.88300000  *
    91       O(ATOM     91  OD1 ASP A   7)    9.69700000  *  -5.56000000  *  -8.97000000  *
    92       O(ATOM     92  OD2 ASP A   7)    8.60500000  *  -4.43100000  *  -7.43700000  *
    93       H(ATOM     93  H   ASP A   7)   11.58400000  *  -7.24400000  *  -6.35600000  *
    94       H(ATOM     94  HA  ASP A   7)   12.03900000  *  -5.63100000  *  -8.64800000  *
    95       H(ATOM     95  HB2 ASP A   7)   10.63900000  *  -5.34800000  *  -6.01600000  *
    96       H(ATOM     96  HB3 ASP A   7)   11.09100000  *  -3.84100000  *  -6.77700000  *
    97       N(ATOM     97  N   PRO A   8)   13.56100000  *  -3.58400000  *  -8.02700000  *
    98       C(ATOM     98  CA  PRO A   8)   14.48800000  *  -2.52800000  *  -7.63100000  *
    99       C(ATOM     99  C   PRO A   8)   13.97700000  *  -1.78700000  *  -6.37800000  *
   100       O(ATOM    100  O   PRO A   8)   12.81200000  *  -1.40500000  *  -6.30200000  *
   101       C(ATOM    101  CB  PRO A   8)   14.57200000  *  -1.62000000  *  -8.86200000  *
   102       C(ATOM    102  CG  PRO A   8)   13.17200000  *  -1.72700000  *  -9.47000000  *
   103       C(ATOM    103  CD  PRO A   8)   12.79500000  *  -3.18400000  *  -9.20100000  *
   104       H(ATOM    104  HA  PRO A   8)   15.47000000  *  -2.95300000  *  -7.42400000  *
   105       H(ATOM    105  HB2 PRO A   8)   14.83000000  *  -0.59400000  *  -8.61000000  *
   106       H(ATOM    106  HB3 PRO A   8)   15.30000000  *  -2.03100000  *  -9.56300000  *
   107       H(ATOM    107  HG2 PRO A   8)   12.48500000  *  -1.06700000  *  -8.93800000  *
   108       H(ATOM    108  HG3 PRO A   8)   13.17100000  *  -1.50000000  * -10.53600000  *
   109       H(ATOM    109  HD2 PRO A   8)   11.72000000  *  -3.25700000  *  -9.03100000  *
   110       H(ATOM    110  HD3 PRO A   8)   13.07900000  *  -3.80600000  * -10.05200000  *
   111       N(ATOM    111  N   CYS A   9)   14.89100000  *  -1.39200000  *  -5.48600000  *
   112       C(ATOM    112  CA  CYS A   9)   14.57800000  *  -0.59600000  *  -4.28700000  *
   113       C(ATOM    113  C   CYS A   9)   15.40600000  *   0.70700000  *  -4.20100000  *
   114       O(ATOM    114  O   CYS A   9)   16.22900000  *   0.86100000  *  -3.30100000  *
   115       C(ATOM    115  CB  CYS A   9)   14.66700000  *  -1.49800000  *  -3.04300000  *
   116       S(ATOM    116  SG  CYS A   9)   16.22100000  *  -2.41100000  *  -2.83800000  *
   117       H(ATOM    117  H   CYS A   9)   15.84000000  *  -1.71100000  *  -5.59900000  *
   118       H(ATOM    118  HA  CYS A   9)   13.54300000  *  -0.26400000  *  -4.34500000  *
   119       H(ATOM    119  HB2 CYS A   9)   14.49700000  *  -0.88400000  *  -2.15700000  *
   120       H(ATOM    120  HB3 CYS A   9)   13.85500000  *  -2.22500000  *  -3.09100000  *
   121       N(ATOM    121  N   PRO A  10)   15.25200000  *   1.64800000  *  -5.15800000  *
   122       C(ATOM    122  CA  PRO A  10)   16.02100000  *   2.89800000  *  -5.18100000  *
   123       C(ATOM    123  C   PRO A  10)   15.56500000  *   3.90900000  *  -4.11800000  *
   124       O(ATOM    124  O   PRO A  10)   16.36200000  *   4.72100000  *  -3.66800000  *
   125       C(ATOM    125  CB  PRO A  10)   15.81000000  *   3.45700000  *  -6.59100000  *
   126       C(ATOM    126  CG  PRO A  10)   14.40000000  *   2.98500000  *  -6.94700000  *
   127       C(ATOM    127  CD  PRO A  10)   14.32600000  *   1.61000000  *  -6.28400000  *
   128       H(ATOM    128  HA  PRO A  10)   17.08000000  *   2.69500000  *  -5.02200000  *
   129       H(ATOM    129  HB2 PRO A  10)   15.89600000  *   4.54400000  *  -6.62200000  *
   130       H(ATOM    130  HB3 PRO A  10)   16.53100000  *   3.00000000  *  -7.27200000  *
   131       H(ATOM    131  HG2 PRO A  10)   13.66100000  *   3.65200000  *  -6.50200000  *
   132       H(ATOM    132  HG3 PRO A  10)   14.25600000  *   2.92000000  *  -8.02600000  *
   133       H(ATOM    133  HD2 PRO A  10)   13.30600000  *   1.39600000  *  -5.96200000  *
   134       H(ATOM    134  HD3 PRO A  10)   14.66000000  *   0.85800000  *  -6.99600000  *
   135       N(ATOM    135  N   ASN A  11)   14.29800000  *   3.84200000  *  -3.69700000  *
   136       C(ATOM    136  CA  ASN A  11)   13.73000000  *   4.66000000  *  -2.62200000  *
   137       C(ATOM    137  C   ASN A  11)   13.67300000  *   3.89100000  *  -1.28400000  *
   138       O(ATOM    138  O   ASN A  11)   12.69200000  *   4.02200000  *  -0.55100000  *
   139       C(ATOM    139  CB  ASN A  11)   12.37000000  *   5.23600000  *  -3.07600000  *
   140       C(ATOM    140  CG  ASN A  11)   12.54000000  *   6.33300000  *  -4.10500000  *
   141       O(ATOM    141  OD1 ASN A  11)   12.90500000  *   7.44900000  *  -3.79000000  *
   142       N(ATOM    142  ND2 ASN A  11)   12.23100000  *   6.08600000  *  -5.35500000  *
   143       H(ATOM    143  H   ASN A  11)   13.72300000  *   3.10600000  *  -4.06900000  *
   144       H(ATOM    144  HA  ASN A  11)   14.39400000  *   5.50800000  *  -2.43300000  *
   145       H(ATOM    145  HB2 ASN A  11)   11.73000000  *   4.44100000  *  -3.45500000  *
   146       H(ATOM    146  HB3 ASN A  11)   11.86800000  *   5.69000000  *  -2.22200000  *
   147       H(ATOM    147 HD21 ASN A  11)   11.85600000  *   5.20100000  *  -5.63200000  *
   148       H(ATOM    148 HD22 ASN A  11)   12.33500000  *   6.86500000  *  -5.98300000  *
   149       N(ATOM    149  N   ASP A  12)   14.62700000  *   2.98800000  *  -1.01400000  *
   150       C(ATOM    150  CA  ASP A  12)   14.65700000  *   2.32300000  *   0.29100000  *
   151       C(ATOM    151  C   ASP A  12)   15.03500000  *   3.31200000  *   1.39700000  *
   152       O(ATOM    152  O   ASP A  12)   16.02000000  *   4.04700000  *   1.30400000  *
   153       C(ATOM    153  CB  ASP A  12)   15.58100000  *   1.09600000  *   0.32900000  *
   154       C(ATOM    154  CG  ASP A  12)   15.05600000  *   0.08200000  *   1.34900000  *
   155       O(ATOM    155  OD1 ASP A  12)   13.85500000  *  -0.25700000  *   1.25500000  *
   156       O(ATOM    156  OD2 ASP A  12)   15.82100000  *  -0.37300000  *   2.22800000  *
   157       H(ATOM    157  H   ASP A  12)   15.44600000  *   2.93900000  *  -1.60300000  *
   158       H(ATOM    158  HA  ASP A  12)   13.63700000  *   1.98800000  *   0.48500000  *
   159       H(ATOM    159  HB2 ASP A  12)   15.58500000  *   0.61100000  *  -0.64400000  *
   160       H(ATOM    160  HB3 ASP A  12)   16.60000000  *   1.38800000  *   0.58700000  *
   161       N(ATOM    161  N   ARG A  13)   14.24800000  *   3.32400000  *   2.47300000  *
   162       C(ATOM    162  CA  ARG A  13)   14.42100000  *   4.24300000  *   3.60300000  *
   163       C(ATOM    163  C   ARG A  13)   13.89500000  *   3.61100000  *   4.89300000  *
   164       O(ATOM    164  O   ARG A  13)   12.92000000  *   2.85300000  *   4.84700000  *
   165       C(ATOM    165  CB  ARG A  13)   13.76500000  *   5.60600000  *   3.28600000  *
   166       C(ATOM    166  CG  ARG A  13)   12.29300000  *   5.48700000  *   2.86100000  *
   167       C(ATOM    167  CD  ARG A  13)   11.60700000  *   6.83500000  *   2.63200000  *
   168       N(ATOM    168  NE  ARG A  13)   11.22900000  *   7.48100000  *   3.90600000  *
   169       C(ATOM    169  CZ  ARG A  13)   10.33900000  *   8.44700000  *   4.05300000  *
   170       N(ATOM    170  NH1 ARG A  13)    9.74200000  *   9.00000000  *   3.03500000  *
   171       N(ATOM    171  NH2 ARG A  13)   10.02200000  *   8.87200000  *   5.24300000  *
   172       H(ATOM    172  H   ARG A  13)   13.43900000  *   2.71400000  *   2.47500000  *
   173       H(ATOM    173  HA  ARG A  13)   15.49300000  *   4.40600000  *   3.72200000  *
   174       H(ATOM    174  HB2 ARG A  13)   13.83800000  *   6.25300000  *   4.15900000  *
   175       H(ATOM    175  HB3 ARG A  13)   14.31900000  *   6.07600000  *   2.47100000  *
   176       H(ATOM    176  HG2 ARG A  13)   12.24200000  *   4.93500000  *   1.92400000  *
   177       H(ATOM    177  HG3 ARG A  13)   11.74000000  *   4.94000000  *   3.62300000  *
   178       H(ATOM    178  HD2 ARG A  13)   12.26800000  *   7.48400000  *   2.05200000  *
   179       H(ATOM    179  HD3 ARG A  13)   10.70700000  *   6.64400000  *   2.04300000  *
   180       H(ATOM    180  HE  ARG A  13)   11.63200000  *   7.09300000  *   4.74300000  *
   181       H(ATOM    181 HH11 ARG A  13)    9.98200000  *   8.68800000  *   2.11000000  *
   182       H(ATOM    182 HH12 ARG A  13)    9.05800000  *   9.72300000  *   3.16200000  *
   183       H(ATOM    183 HH21 ARG A  13)   10.45500000  *   8.46900000  *   6.05500000  *
   184       H(ATOM    184 HH22 ARG A  13)    9.32500000  *   9.58700000  *   5.35300000  *
   185       N(ATOM    185  N   PRO A  14)   14.46100000  *   3.95300000  *   6.06500000  *
   186       C(ATOM    186  CA  PRO A  14)   13.93500000  *   3.47900000  *   7.33800000  *
   187       C(ATOM    187  C   PRO A  14)   12.45400000  *   3.87400000  *   7.50800000  *
   188       O(ATOM    188  O   PRO A  14)   12.02300000  *   4.95500000  *   7.09000000  *
   189       C(ATOM    189  CB  PRO A  14)   14.85600000  *   4.06500000  *   8.41400000  *
   190       C(ATOM    190  CG  PRO A  14)   15.47700000  *   5.29100000  *   7.74300000  *
   191       C(ATOM    191  CD  PRO A  14)   15.57800000  *   4.86400000  *   6.28000000  *
   192       H(ATOM    192  HA  PRO A  14)   14.01500000  *   2.39100000  *   7.36800000  *
   193       H(ATOM    193  HB2 PRO A  14)   14.31700000  *   4.33500000  *   9.32300000  *
   194       H(ATOM    194  HB3 PRO A  14)   15.64500000  *   3.34600000  *   8.64100000  *
   195       H(ATOM    195  HG2 PRO A  14)   14.80000000  *   6.14200000  *   7.83100000  *
   196       H(ATOM    196  HG3 PRO A  14)   16.45500000  *   5.53200000  *   8.16100000  *
   197       H(ATOM    197  HD2 PRO A  14)   15.52700000  *   5.74300000  *   5.63600000  *
   198       H(ATOM    198  HD3 PRO A  14)   16.51600000  *   4.33200000  *   6.11200000  *
   199       N(ATOM    199  N   GLY A  15)   11.65600000  *   2.91400000  *   7.97400000  *
   200       C(ATOM    200  CA  GLY A  15)   10.19500000  *   3.01500000  *   8.11700000  *
   201       C(ATOM    201  C   GLY A  15)    9.36600000  *   2.79600000  *   6.84000000  *
   202       O(ATOM    202  O   GLY A  15)    8.28200000  *   2.23000000  *   6.94300000  *
   203       H(ATOM    203  H   GLY A  15)   12.08100000  *   2.03400000  *   8.22900000  *
   204       H(ATOM    204  HA2 GLY A  15)    9.86700000  *   2.28200000  *   8.85200000  *
   205       H(ATOM    205  HA3 GLY A  15)    9.94800000  *   4.00600000  *   8.50000000  *
   206       N(ATOM    206  N   HIS A  16)    9.91200000  *   3.03200000  *   5.64200000  *
   207       C(ATOM    207  CA  HIS A  16)    9.18400000  *   2.89200000  *   4.36800000  *
   208       C(ATOM    208  C   HIS A  16)   10.06100000  *   2.25700000  *   3.28000000  *
   209       O(ATOM    209  O   HIS A  16)   10.63200000  *   2.94500000  *   2.43800000  *
   210       C(ATOM    210  CB  HIS A  16)    8.61600000  *   4.25300000  *   3.92500000  *
   211       C(ATOM    211  CG  HIS A  16)    7.47900000  *   4.76000000  *   4.77400000  *
   212       N(ATOM    212  ND1 HIS A  16)    6.18200000  *   4.29800000  *   4.76000000  *
   213       C(ATOM    213  CD2 HIS A  16)    7.54600000  *   5.73700000  *   5.72900000  *
   214       C(ATOM    214  CE1 HIS A  16)    5.48300000  *   4.99500000  *   5.67100000  *
   215       N(ATOM    215  NE2 HIS A  16)    6.27400000  *   5.89400000  *   6.28100000  *
   216       H(ATOM    216  H   HIS A  16)   10.86300000  *   3.38000000  *   5.60200000  *
   217       H(ATOM    217  HA  HIS A  16)    8.33600000  *   2.22000000  *   4.50800000  *
   218       H(ATOM    218  HB2 HIS A  16)    9.41200000  *   4.99600000  *   3.92100000  *
   219       H(ATOM    219  HB3 HIS A  16)    8.24400000  *   4.16000000  *   2.90300000  *
   220       H(ATOM    220  HD1 HIS A  16)    5.81600000  *   3.55300000  *   4.18600000  *
   221       H(ATOM    221  HD2 HIS A  16)    8.42900000  *   6.28900000  *   6.01200000  *
   222       H(ATOM    222  HE1 HIS A  16)    4.43000000  *   4.85600000  *   5.88600000  *
   223       N(ATOM    223  N   ARG A  17)   10.16200000  *   0.92500000  *   3.29800000  *
   224       C(ATOM    224  CA  ARG A  17)   10.85400000  *   0.14800000  *   2.25900000  *
   225       C(ATOM    225  C   ARG A  17)    9.92900000  *  -0.12400000  *   1.07500000  *
   226       O(ATOM    226  O   ARG A  17)    8.78700000  *  -0.51400000  *   1.29000000  *
   227       C(ATOM    227  CB  ARG A  17)   11.42700000  *  -1.14900000  *   2.86200000  *
   228       C(ATOM    228  CG  ARG A  17)   12.43800000  *  -0.81500000  *   3.97900000  *
   229       C(ATOM    229  CD  ARG A  17)   13.64700000  *  -1.75600000  *   4.02700000  *
   230       N(ATOM    230  NE  ARG A  17)   13.36500000  *  -3.06100000  *   4.65700000  *
   231       C(ATOM    231  CZ  ARG A  17)   14.28600000  *  -3.96500000  *   4.93100000  *
   232       N(ATOM    232  NH1 ARG A  17)   15.53600000  *  -3.79800000  *   4.59600000  *
   233       N(ATOM    233  NH2 ARG A  17)   13.96500000  *  -5.07900000  *   5.52500000  *
   234       H(ATOM    234  H   ARG A  17)    9.59600000  *   0.42300000  *   3.96500000  *
   235       H(ATOM    235  HA  ARG A  17)   11.68500000  *   0.74000000  *   1.87000000  *
   236       H(ATOM    236  HB2 ARG A  17)   10.62100000  *  -1.76700000  *   3.26200000  *
   237       H(ATOM    237  HB3 ARG A  17)   11.92200000  *  -1.71200000  *   2.06900000  *
   238       H(ATOM    238  HG2 ARG A  17)   12.83900000  *   0.18500000  *   3.80200000  *
   239       H(ATOM    239  HG3 ARG A  17)   11.92900000  *  -0.80400000  *   4.94400000  *
   240       H(ATOM    240  HD2 ARG A  17)   14.00900000  *  -1.91800000  *   3.01100000  *
   241       H(ATOM    241  HD3 ARG A  17)   14.43400000  *  -1.24700000  *   4.58900000  *
   242       H(ATOM    242  HE  ARG A  17)   12.41000000  *  -3.24500000  *   4.91600000  *
   243       H(ATOM    243 HH11 ARG A  17)   15.78100000  *  -2.94900000  *   4.10000000  *
   244       H(ATOM    244 HH12 ARG A  17)   16.24200000  *  -4.47600000  *   4.81600000  *
   245       H(ATOM    245 HH21 ARG A  17)   12.99300000  *  -5.29200000  *   5.67500000  *
   246       H(ATOM    246 HH22 ARG A  17)   14.67300000  *  -5.75900000  *   5.73300000  *
   247       N(ATOM    247  N   THR A  18)   10.45800000  *  -0.13800000  *  -0.15000000  *
   248       C(ATOM    248  CA  THR A  18)    9.68500000  *  -0.52600000  *  -1.35600000  *
   249       C(ATOM    249  C   THR A  18)    9.46800000  *  -2.04600000  *  -1.48500000  *
   250       O(ATOM    250  O   THR A  18)    8.98200000  *  -2.50900000  *  -2.51000000  *
   251       C(ATOM    251  CB  THR A  18)   10.29900000  *   0.04000000  *  -2.65200000  *
   252       O(ATOM    252  OG1 THR A  18)   11.51200000  *  -0.60500000  *  -2.94800000  *
   253       C(ATOM    253  CG2 THR A  18)   10.58500000  *   1.54200000  *  -2.59100000  *
   254       H(ATOM    254  H   THR A  18)   11.42900000  *   0.12300000  *  -0.26500000  *
   255       H(ATOM    255  HA  THR A  18)    8.69000000  *  -0.09000000  *  -1.26600000  *
   256       H(ATOM    256  HB  THR A  18)    9.60400000  *  -0.13600000  *  -3.47300000  *
   257       H(ATOM    257  HG1 THR A  18)   11.29200000  *  -1.35900000  *  -3.51000000  *
   258       H(ATOM    258 HG21 THR A  18)   11.36800000  *   1.75500000  *  -1.86300000  *
   259       H(ATOM    259 HG22 THR A  18)    9.67600000  *   2.07700000  *  -2.31600000  *
   260       H(ATOM    260 HG23 THR A  18)   10.91200000  *   1.88300000  *  -3.57400000  *
   261       N(ATOM    261  N   CYS A  19)    9.83300000  *  -2.83400000  *  -0.47300000  *
   262       C(ATOM    262  CA  CYS A  19)    9.66500000  *  -4.28900000  *  -0.40800000  *
   263       C(ATOM    263  C   CYS A  19)    8.40600000  *  -4.67400000  *   0.39100000  *
   264       O(ATOM    264  O   CYS A  19)    8.13300000  *  -4.07500000  *   1.43000000  *
   265       C(ATOM    265  CB  CYS A  19)   10.90200000  *  -4.87500000  *   0.28000000  *
   266       S(ATOM    266  SG  CYS A  19)   12.42900000  *  -4.96700000  *  -0.69100000  *
   267       H(ATOM    267  H   CYS A  19)   10.07700000  *  -2.36900000  *   0.38600000  *
   268       H(ATOM    268  HA  CYS A  19)    9.58400000  *  -4.70800000  *  -1.41400000  *
   269       H(ATOM    269  HB2 CYS A  19)   11.10000000  *  -4.28600000  *   1.17600000  *
   270       H(ATOM    270  HB3 CYS A  19)   10.66800000  *  -5.88100000  *   0.61300000  *
   271       N(ATOM    271  N   CYS A  20)    7.72400000  *  -5.75500000  *  -0.00100000  *
   272       C(ATOM    272  CA  CYS A  20)    6.55200000  *  -6.27700000  *   0.71900000  *
   273       C(ATOM    273  C   CYS A  20)    6.87200000  *  -7.10800000  *   1.98900000  *
   274       O(ATOM    274  O   CYS A  20)    8.01400000  *  -7.20000000  *   2.44400000  *
   275       C(ATOM    275  CB  CYS A  20)    5.65600000  *  -7.05100000  *  -0.26600000  *
   276       S(ATOM    276  SG  CYS A  20)    3.92000000  *  -6.57000000  *  -0.09400000  *
   277       H(ATOM    277  H   CYS A  20)    7.96200000  *  -6.17600000  *  -0.89000000  *
   278       H(ATOM    278  HA  CYS A  20)    5.98100000  *  -5.41700000  *   1.06900000  *
   279       H(ATOM    279  HB2 CYS A  20)    5.95700000  *  -6.84800000  *  -1.29500000  *
   280       H(ATOM    280  HB3 CYS A  20)    5.75800000  *  -8.12500000  *  -0.09900000  *
   281       N(ATOM    281  N   ILE A  21)    5.83900000  *  -7.71300000  *   2.59300000  *
   282       C(ATOM    282  CA  ILE A  21)    5.98500000  *  -8.64600000  *   3.72300000  *
   283       C(ATOM    283  C   ILE A  21)    6.88500000  *  -9.84100000  *   3.35300000  *
   284       O(ATOM    284  O   ILE A  21)    6.84000000  * -10.33500000  *   2.23200000  *
   285       C(ATOM    285  CB  ILE A  21)    4.59700000  *  -9.08600000  *   4.25400000  *
   286       C(ATOM    286  CG1 ILE A  21)    4.74900000  *  -9.81800000  *   5.60800000  *
   287       C(ATOM    287  CG2 ILE A  21)    3.82700000  *  -9.94900000  *   3.23500000  *
   288       C(ATOM    288  CD1 ILE A  21)    3.42200000  * -10.09400000  *   6.32700000  *
   289       H(ATOM    289  H   ILE A  21)    4.93200000  *  -7.64600000  *   2.15300000  *
   290       H(ATOM    290  HA  ILE A  21)    6.48300000  *  -8.09400000  *   4.52100000  *
   291       H(ATOM    291  HB  ILE A  21)    4.01400000  *  -8.18100000  *   4.43200000  *
   292       H(ATOM    292 HG12 ILE A  21)    5.26100000  * -10.77000000  *   5.46100000  *
   293       H(ATOM    293 HG13 ILE A  21)    5.35700000  *  -9.20000000  *   6.27000000  *
   294       H(ATOM    294 HG21 ILE A  21)    4.32500000  * -10.91000000  *   3.09000000  *
   295       H(ATOM    295 HG22 ILE A  21)    2.81100000  * -10.13300000  *   3.58400000  *
   296       H(ATOM    296 HG23 ILE A  21)    3.76300000  *  -9.44100000  *   2.27300000  *
   297       H(ATOM    297 HD11 ILE A  21)    2.83500000  * -10.82500000  *   5.77200000  *
   298       H(ATOM    298 HD12 ILE A  21)    3.62900000  * -10.50100000  *   7.31800000  *
   299       H(ATOM    299 HD13 ILE A  21)    2.85400000  *  -9.17000000  *   6.43300000  *
   300       N(ATOM    300  N   GLY A  22)    7.73700000  * -10.28100000  *   4.28600000  *
   301       C(ATOM    301  CA  GLY A  22)    8.71200000  * -11.36000000  *   4.05300000  *
   302       C(ATOM    302  C   GLY A  22)    9.95700000  * -10.95300000  *   3.24800000  *
   303       O(ATOM    303  O   GLY A  22)   10.80700000  * -11.80300000  *   2.98600000  *
   304       H(ATOM    304  H   GLY A  22)    7.71900000  *  -9.84300000  *   5.19100000  *
   305       H(ATOM    305  HA2 GLY A  22)    9.04900000  * -11.75300000  *   5.01100000  *
   306       H(ATOM    306  HA3 GLY A  22)    8.22200000  * -12.17000000  *   3.51000000  *
   307       N(ATOM    307  N   LEU A  23)   10.10700000  *  -9.66700000  *   2.90900000  *
   308       C(ATOM    308  CA  LEU A  23)   11.13900000  *  -9.17700000  *   1.99200000  *
   309       C(ATOM    309  C   LEU A  23)   12.06200000  *  -8.10400000  *   2.60700000  *
   310       O(ATOM    310  O   LEU A  23)   11.82500000  *  -7.54800000  *   3.68700000  *
   311       C(ATOM    311  CB  LEU A  23)   10.46500000  *  -8.67500000  *   0.70200000  *
   312       C(ATOM    312  CG  LEU A  23)    9.55700000  *  -9.67000000  *  -0.04100000  *
   313       C(ATOM    313  CD1 LEU A  23)    8.90700000  *  -8.97800000  *  -1.23800000  *
   314       C(ATOM    314  CD2 LEU A  23)   10.35000000  * -10.86700000  *  -0.54600000  *
   315       H(ATOM    315  H   LEU A  23)    9.35000000  *  -9.02800000  *   3.11300000  *
   316       H(ATOM    316  HA  LEU A  23)   11.79400000  * -10.00400000  *   1.71400000  *
   317       H(ATOM    317  HB2 LEU A  23)    9.86900000  *  -7.80100000  *   0.94700000  *
   318       H(ATOM    318  HB3 LEU A  23)   11.24900000  *  -8.36600000  *   0.01700000  *
   319       H(ATOM    319  HG  LEU A  23)    8.76900000  * -10.02400000  *   0.61500000  *
   320       H(ATOM    320 HD11 LEU A  23)    8.29900000  *  -9.69200000  *  -1.79300000  *
   321       H(ATOM    321 HD12 LEU A  23)    9.67100000  *  -8.55300000  *  -1.89000000  *
   322       H(ATOM    322 HD13 LEU A  23)    8.26000000  *  -8.18100000  *  -0.89000000  *
   323       H(ATOM    323 HD21 LEU A  23)   11.20500000  * -10.51800000  *  -1.12400000  *
   324       H(ATOM    324 HD22 LEU A  23)    9.71000000  * -11.49800000  *  -1.16200000  *
   325       H(ATOM    325 HD23 LEU A  23)   10.69900000  * -11.45800000  *   0.29700000  *
   326       N(ATOM    326  N   GLN A  24)   13.16600000  *  -7.84100000  *   1.90900000  *
   327       C(ATOM    327  CA  GLN A  24)   14.28700000  *  -7.01700000  *   2.35000000  *
   328       C(ATOM    328  C   GLN A  24)   15.01100000  *  -6.40500000  *   1.13900000  *
   329       O(ATOM    329  O   GLN A  24)   15.49800000  *  -7.12800000  *   0.28000000  *
   330       C(ATOM    330  CB  GLN A  24)   15.21500000  *  -7.91300000  *   3.19900000  *
   331       C(ATOM    331  CG  GLN A  24)   16.64900000  *  -7.38500000  *   3.35600000  *
   332       C(ATOM    332  CD  GLN A  24)   17.34400000  *  -7.85800000  *   4.63000000  *
   333       O(ATOM    333  OE1 GLN A  24)   17.85000000  *  -7.04200000  *   5.39100000  *
   334       N(ATOM    334  NE2 GLN A  24)   17.28600000  *  -9.12700000  *   4.97000000  *
   335       H(ATOM    335  H   GLN A  24)   13.32900000  *  -8.41700000  *   1.08400000  *
   336       H(ATOM    336  HA  GLN A  24)   13.91200000  *  -6.20400000  *   2.96800000  *
   337       H(ATOM    337  HB2 GLN A  24)   14.76000000  *  -8.02200000  *   4.18400000  *
   338       H(ATOM    338  HB3 GLN A  24)   15.27700000  *  -8.90300000  *   2.74200000  *
   339       H(ATOM    339  HG2 GLN A  24)   17.23000000  *  -7.71100000  *   2.49400000  *
   340       H(ATOM    340  HG3 GLN A  24)   16.63400000  *  -6.29600000  *   3.37700000  *
   341       H(ATOM    341 HE21 GLN A  24)   16.87400000  *  -9.84200000  *   4.38000000  *
   342       H(ATOM    342 HE22 GLN A  24)   17.66900000  *  -9.42900000  *   5.85100000  *
   343       N(ATOM    343  N   CYS A  25)   15.25800000  *  -5.09300000  *   1.16200000  *
   344       C(ATOM    344  CA  CYS A  25)   16.19600000  *  -4.45200000  *   0.23800000  *
   345       C(ATOM    345  C   CYS A  25)   17.65600000  *  -4.66600000  *   0.68800000  *
   346       O(ATOM    346  O   CYS A  25)   17.99000000  *  -4.40100000  *   1.84900000  *
   347       C(ATOM    347  CB  CYS A  25)   15.85200000  *  -2.96300000  *   0.13800000  *
   348       S(ATOM    348  SG  CYS A  25)   16.89700000  *  -1.97800000  *  -0.97000000  *
   349       H(ATOM    349  H   CYS A  25)   14.84200000  *  -4.52000000  *   1.87600000  *
   350       H(ATOM    350  HA  CYS A  25)   16.06700000  *  -4.88800000  *  -0.75100000  *
   351       H(ATOM    351  HB2 CYS A  25)   14.81300000  *  -2.84800000  *  -0.17500000  *
   352       H(ATOM    352  HB3 CYS A  25)   15.94900000  *  -2.53700000  *   1.13500000  *
   353       N(ATOM    353  N   ARG A  26)   18.53500000  *  -5.06800000  *  -0.24000000  *
   354       C(ATOM    354  CA  ARG A  26)   20.01400000  *  -5.09900000  *  -0.14400000  *
   355       C(ATOM    355  C   ARG A  26)   20.60600000  *  -5.03200000  *  -1.56300000  *
   356       O(ATOM    356  O   ARG A  26)   19.91300000  *  -5.30300000  *  -2.53000000  *
   357       C(ATOM    357  CB  ARG A  26)   20.51100000  *  -6.38800000  *   0.55000000  *
   358       C(ATOM    358  CG  ARG A  26)   20.28700000  *  -6.53700000  *   2.06200000  *
   359       C(ATOM    359  CD  ARG A  26)   20.95300000  *  -5.42200000  *   2.87700000  *
   360       N(ATOM    360  NE  ARG A  26)   20.97100000  *  -5.75200000  *   4.31600000  *
   361       C(ATOM    361  CZ  ARG A  26)   21.85100000  *  -5.32700000  *   5.20500000  *
   362       N(ATOM    362  NH1 ARG A  26)   22.73000000  *  -4.40200000  *   4.92900000  *
   363       N(ATOM    363  NH2 ARG A  26)   21.87200000  *  -5.83300000  *   6.40400000  *
   364       H(ATOM    364  H   ARG A  26)   18.14600000  *  -5.27200000  *  -1.16400000  *
   365       H(ATOM    365  HA  ARG A  26)   20.35600000  *  -4.22000000  *   0.40100000  *
   366       H(ATOM    366  HB2 ARG A  26)   20.04600000  *  -7.24300000  *   0.06400000  *
   367       H(ATOM    367  HB3 ARG A  26)   21.58600000  *  -6.46700000  *   0.38800000  *
   368       H(ATOM    368  HG2 ARG A  26)   19.22300000  *  -6.56900000  *   2.28000000  *
   369       H(ATOM    369  HG3 ARG A  26)   20.71700000  *  -7.49400000  *   2.36300000  *
   370       H(ATOM    370  HD2 ARG A  26)   21.97700000  *  -5.30500000  *   2.51500000  *
   371       H(ATOM    371  HD3 ARG A  26)   20.41000000  *  -4.48800000  *   2.72200000  *
   372       H(ATOM    372  HE  ARG A  26)   20.26100000  *  -6.39500000  *   4.64100000  *
   373       H(ATOM    373 HH11 ARG A  26)   22.68700000  *  -3.95800000  *   4.03000000  *
   374       H(ATOM    374 HH12 ARG A  26)   23.37800000  *  -4.08200000  *   5.62400000  *
   375       H(ATOM    375 HH21 ARG A  26)   21.23500000  *  -6.57600000  *   6.63800000  *
   376       H(ATOM    376 HH22 ARG A  26)   22.57500000  *  -5.55000000  *   7.06100000  *
   377       N(ATOM    377  N   TYR A  27)   21.88200000  *  -4.67900000  *  -1.73100000  *
   378       C(ATOM    378  CA  TYR A  27)   22.56300000  *  -4.73500000  *  -3.04800000  *
   379       C(ATOM    379  C   TYR A  27)   21.86900000  *  -3.93500000  *  -4.18900000  *
   380       O(ATOM    380  O   TYR A  27)   21.98900000  *  -4.27600000  *  -5.36700000  *
   381       C(ATOM    381  CB  TYR A  27)   22.83000000  *  -6.20500000  *  -3.44600000  *
   382       C(ATOM    382  CG  TYR A  27)   23.25500000  *  -7.12900000  *  -2.31500000  *
   383       C(ATOM    383  CD1 TYR A  27)   24.56700000  *  -7.07800000  *  -1.80100000  *
   384       C(ATOM    384  CD2 TYR A  27)   22.32700000  *  -8.04000000  *  -1.77300000  *
   385       C(ATOM    385  CE1 TYR A  27)   24.94500000  *  -7.93000000  *  -0.74400000  *
   386       C(ATOM    386  CE2 TYR A  27)   22.69400000  *  -8.87700000  *  -0.70400000  *
   387       C(ATOM    387  CZ  TYR A  27)   24.00500000  *  -8.82800000  *  -0.19100000  *
   388       O(ATOM    388  OH  TYR A  27)   24.35300000  *  -9.64900000  *   0.83200000  *
   389       H(ATOM    389  H   TYR A  27)   22.45100000  *  -4.55300000  *  -0.91200000  *
   390       H(ATOM    390  HA  TYR A  27)   23.53900000  *  -4.26800000  *  -2.91300000  *
   391       H(ATOM    391  HB2 TYR A  27)   21.91900000  *  -6.61100000  *  -3.89200000  *
   392       H(ATOM    392  HB3 TYR A  27)   23.59700000  *  -6.22600000  *  -4.22100000  *
   393       H(ATOM    393  HD1 TYR A  27)   25.29000000  *  -6.40000000  *  -2.23400000  *
   394       H(ATOM    394  HD2 TYR A  27)   21.32800000  *  -8.09800000  *  -2.18300000  *
   395       H(ATOM    395  HE1 TYR A  27)   25.95300000  *  -7.90200000  *  -0.35600000  *
   396       H(ATOM    396  HE2 TYR A  27)   21.99000000  *  -9.58100000  *  -0.28300000  *
   397       H(ATOM    397  HH  TYR A  27)   25.26600000  *  -9.93500000  *   0.76800000  *
   398       N(ATOM    398  N   GLY A  28)   21.05400000  *  -2.92600000  *  -3.84600000  *
   399       C(ATOM    399  CA  GLY A  28)   20.22600000  *  -2.17500000  *  -4.80100000  *
   400       C(ATOM    400  C   GLY A  28)   19.04400000  *  -2.95700000  *  -5.40400000  *
   401       O(ATOM    401  O   GLY A  28)   18.69300000  *  -2.71000000  *  -6.56200000  *
   402       H(ATOM    402  H   GLY A  28)   20.95100000  *  -2.71200000  *  -2.86700000  *
   403       H(ATOM    403  HA2 GLY A  28)   19.81800000  *  -1.30300000  *  -4.28900000  *
   404       H(ATOM    404  HA3 GLY A  28)   20.85400000  *  -1.82400000  *  -5.62000000  *
   405       N(ATOM    405  N   LYS A  29)   18.53600000  *  -3.98400000  *  -4.70900000  *
   406       C(ATOM    406  CA  LYS A  29)   17.41300000  *  -4.85400000  *  -5.11100000  *
   407       C(ATOM    407  C   LYS A  29)   16.67300000  *  -5.43300000  *  -3.89900000  *
   408       O(ATOM    408  O   LYS A  29)   17.21900000  *  -5.53600000  *  -2.80400000  *
   409       C(ATOM    409  CB  LYS A  29)   17.94200000  *  -5.99000000  *  -6.00600000  *
   410       C(ATOM    410  CG  LYS A  29)   17.63200000  *  -5.73100000  *  -7.49000000  *
   411       C(ATOM    411  CD  LYS A  29)   18.58300000  *  -6.50200000  *  -8.41800000  *
   412       C(ATOM    412  CE  LYS A  29)   19.99500000  *  -5.88900000  *  -8.45300000  *
   413       N(ATOM    413  NZ  LYS A  29)   19.99000000  *  -4.52800000  *  -9.04100000  *
   414       H(ATOM    414  H   LYS A  29)   18.96000000  *  -4.21200000  *  -3.81200000  *
   415       H(ATOM    415  HA  LYS A  29)   16.67500000  *  -4.27100000  *  -5.66400000  *
   416       H(ATOM    416  HB2 LYS A  29)   19.01600000  *  -6.10500000  *  -5.84600000  *
   417       H(ATOM    417  HB3 LYS A  29)   17.47400000  *  -6.93800000  *  -5.72900000  *
   418       H(ATOM    418  HG2 LYS A  29)   16.60300000  *  -6.04000000  *  -7.68600000  *
   419       H(ATOM    419  HG3 LYS A  29)   17.69600000  *  -4.66900000  *  -7.71600000  *
   420       H(ATOM    420  HD2 LYS A  29)   18.65100000  *  -7.53300000  *  -8.06800000  *
   421       H(ATOM    421  HD3 LYS A  29)   18.15700000  *  -6.51800000  *  -9.42300000  *
   422       H(ATOM    422  HE2 LYS A  29)   20.39000000  *  -5.84000000  *  -7.43200000  *
   423       H(ATOM    423  HE3 LYS A  29)   20.64400000  *  -6.54600000  *  -9.04000000  *
   424       H(ATOM    424  HZ1 LYS A  29)   19.41300000  *  -3.91100000  *  -8.47400000  *
   425       H(ATOM    425  HZ2 LYS A  29)   19.62000000  *  -4.55800000  *  -9.98300000  *
   426       H(ATOM    426  HZ3 LYS A  29)   20.93000000  *  -4.15700000  *  -9.06200000  *
   427       N(ATOM    427  N   CYS A  30)   15.40500000  *  -5.76500000  *  -4.08000000  *
   428       C(ATOM    428  CA  CYS A  30)   14.64700000  *  -6.55100000  *  -3.12500000  *
   429       C(ATOM    429  C   CYS A  30)   15.04700000  *  -8.03700000  *  -3.21500000  *
   430       O(ATOM    430  O   CYS A  30)   15.49200000  *  -8.52100000  *  -4.26200000  *
   431       C(ATOM    431  CB  CYS A  30)   13.14700000  *  -6.30600000  *  -3.33900000  *
   432       S(ATOM    432  SG  CYS A  30)   12.17500000  *  -6.62800000  *  -1.84800000  *
   433       H(ATOM    433  H   CYS A  30)   15.00400000  *  -5.64900000  *  -5.00300000  *
   434       H(ATOM    434  HA  CYS A  30)   14.89200000  *  -6.19900000  *  -2.12400000  *
   435       H(ATOM    435  HB2 CYS A  30)   12.97800000  *  -5.27200000  *  -3.64100000  *
   436       H(ATOM    436  HB3 CYS A  30)   12.79200000  *  -6.95200000  *  -4.14300000  *
   437       N(ATOM    437  N   LEU A  31)   15.00700000  *  -8.71800000  *  -2.07500000  *
   438       C(ATOM    438  CA  LEU A  31)   15.19400000  * -10.15900000  *  -1.92300000  *
   439       C(ATOM    439  C   LEU A  31)   14.39100000  * -10.66100000  *  -0.70600000  *
   440       O(ATOM    440  O   LEU A  31)   13.86000000  *  -9.87400000  *   0.08300000  *
   441       C(ATOM    441  CB  LEU A  31)   16.69400000  * -10.55400000  *  -1.86500000  *
   442       C(ATOM    442  CG  LEU A  31)   17.67000000  *  -9.56700000  *  -1.18400000  *
   443       C(ATOM    443  CD1 LEU A  31)   18.69200000  * -10.29700000  *  -0.30800000  *
   444       C(ATOM    444  CD2 LEU A  31)   18.46300000  *  -8.78400000  *  -2.23800000  *
   445       H(ATOM    445  H   LEU A  31)   14.74600000  *  -8.21600000  *  -1.23500000  *
   446       H(ATOM    446  HA  LEU A  31)   14.75300000  * -10.65000000  *  -2.79700000  *
   447       H(ATOM    447  HB2 LEU A  31)   16.76700000  * -11.52600000  *  -1.37200000  *
   448       H(ATOM    448  HB3 LEU A  31)   17.02500000  * -10.71900000  *  -2.89300000  *
   449       H(ATOM    449  HG  LEU A  31)   17.12700000  *  -8.87900000  *  -0.54700000  *
   450       H(ATOM    450 HD11 LEU A  31)   18.16200000  * -10.91300000  *   0.42200000  *
   451       H(ATOM    451 HD12 LEU A  31)   19.29600000  *  -9.56600000  *   0.22500000  *
   452       H(ATOM    452 HD13 LEU A  31)   19.34000000  * -10.93500000  *  -0.91600000  *
   453       H(ATOM    453 HD21 LEU A  31)   17.77900000  *  -8.26400000  *  -2.90800000  *
   454       H(ATOM    454 HD22 LEU A  31)   19.08800000  *  -9.45900000  *  -2.83200000  *
   455       H(ATOM    455 HD23 LEU A  31)   19.08400000  *  -8.04000000  *  -1.75000000  *
   456       N(ATOM    456  N   VAL A  32)   14.25500000  * -11.98600000  *  -0.58500000  *
   457       C(ATOM    457  CA  VAL A  32)   13.69000000  * -12.65800000  *   0.59800000  *
   458       C(ATOM    458  C   VAL A  32)   14.53200000  * -12.35000000  *   1.85300000  *
   459       O(ATOM    459  O   VAL A  32)   15.73600000  * -12.08900000  *   1.75100000  *
   460       C(ATOM    460  CB  VAL A  32)   13.51800000  * -14.16300000  *   0.30500000  *
   461       C(ATOM    461  CG1 VAL A  32)   14.84700000  * -14.90900000  *   0.10700000  *
   462       C(ATOM    462  CG2 VAL A  32)   12.70600000  * -14.86800000  *   1.39500000  *
   463       H(ATOM    463  H   VAL A  32)   14.71400000  * -12.56400000  *  -1.27000000  *
   464       H(ATOM    464  HA  VAL A  32)   12.69800000  * -12.23500000  *   0.77300000  *
   465       H(ATOM    465  HB  VAL A  32)   12.94100000  * -14.24600000  *  -0.61100000  *
   466       H(ATOM    466 HG11 VAL A  32)   15.35200000  * -15.03100000  *   1.07200000  *
   467       H(ATOM    467 HG12 VAL A  32)   14.63000000  * -15.88900000  *  -0.32000000  *
   468       H(ATOM    468 HG13 VAL A  32)   15.49700000  * -14.35900000  *  -0.57700000  *
   469       H(ATOM    469 HG21 VAL A  32)   11.72400000  * -14.39600000  *   1.50700000  *
   470       H(ATOM    470 HG22 VAL A  32)   12.55400000  * -15.91500000  *   1.11600000  *
   471       H(ATOM    471 HG23 VAL A  32)   13.23100000  * -14.84300000  *   2.35700000  *
   472       N(ATOM    472  N   ARG A  33)   13.85100000  * -12.15100000  *   2.98800000  *
   473       C(ATOM    473  CA  ARG A  33)   14.42100000  * -11.59300000  *   4.22300000  *
   474       C(ATOM    474  C   ARG A  33)   15.20200000  * -12.60800000  *   5.06300000  *
   475       O(ATOM    475  O   ARG A  33)   14.47800000  * -13.45800000  *   5.62600000  *
   476       C(ATOM    476  CB  ARG A  33)   13.30500000  * -10.88100000  *   5.00900000  *
   477       C(ATOM    477  CG  ARG A  33)   13.73200000  * -10.50300000  *   6.43300000  *
   478       C(ATOM    478  CD  ARG A  33)   12.60700000  *  -9.82300000  *   7.21100000  *
   479       N(ATOM    479  NE  ARG A  33)   12.73500000  * -10.15700000  *   8.64000000  *
   480       C(ATOM    480  CZ  ARG A  33)   11.95100000  *  -9.78300000  *   9.62500000  *
   481       N(ATOM    481  NH1 ARG A  33)   11.00000000  *  -8.91000000  *   9.45300000  *
   482       N(ATOM    482  NH2 ARG A  33)   12.11300000  * -10.28700000  *  10.81300000  *
   483       H(ATOM    483  H   ARG A  33)   12.86100000  * -12.37200000  *   2.99800000  *
   484       H(ATOM    484  HA  ARG A  33)   15.17300000  * -10.86200000  *   3.94600000  *
   485       H(ATOM    485  HB2 ARG A  33)   13.02100000  *  -9.98700000  *   4.46300000  *
   486       H(ATOM    486  HB3 ARG A  33)   12.44500000  * -11.54800000  *   5.07900000  *
   487       H(ATOM    487  HG2 ARG A  33)   13.99000000  * -11.41100000  *   6.97800000  *
   488       H(ATOM    488  HG3 ARG A  33)   14.60800000  *  -9.85300000  *   6.40800000  *
   489       H(ATOM    489  HD2 ARG A  33)   12.66400000  *  -8.74400000  *   7.05400000  *
   490       H(ATOM    490  HD3 ARG A  33)   11.64500000  * -10.19200000  *   6.84700000  *
   491       H(ATOM    491  HE  ARG A  33)   13.42200000  * -10.86900000  *   8.84300000  *
   492       H(ATOM    492 HH11 ARG A  33)   10.85200000  *  -8.55400000  *   8.52700000  *
   493       H(ATOM    493 HH12 ARG A  33)   10.39600000  *  -8.65600000  *  10.21100000  *
   494       H(ATOM    494 HH21 ARG A  33)   12.80600000  * -11.00400000  *  10.95100000  *
   495       H(ATOM    495 HH22 ARG A  33)   11.49800000  * -10.03700000  *  11.56400000  *
   496       O(ATOM    496  OXT ARG A  33)   16.20000000  * -12.07100000  *   5.59700000  *


 General Reference for PM6:
 "Optimization of Parameters for Semiempirical Methods V: Modification of NDDO Approximations
 and Application to 70 Elements", J. J. P. Stewart, J. Mol. Mod., 13, 1173-1213 (2007)
 URL: https://link.springer.com/article/10.1007/s00894-007-0233-4

           Empirical Formula: C152 H240 N54 O44 S6  =   496 atoms



      MOLECULAR POINT GROUP   :   C1  


 SINGLET STATE CALCULATION


      RHF CALCULATION, NO. OF DOUBLY OCCUPIED LEVELS = 708

  SCF CRITERION =    0.1000E-09

 -------------------------------------------------------------------------------
 START_RES=(1A)  CHAINS=(A) PM6-D3H4X  1SCF  XYZ  GEO-OK  CHARGE=2  SINGLET  SCFCRT=1.D-10 MAXIT=999
 Dense frequency job — harmonic analysis for thermochemistry



     1SCF WAS SPECIFIED, SO BFGS WAS NOT USED                 
     SCF FIELD WAS ACHIEVED                                   


                              PM6-D3H4X CALCULATION
                                                       MOPAC v23.1.2 MacOS
                                                       Wed Oct  1 23:36:22 2025




          FINAL HEAT OF FORMATION =      -1295.43231 KCAL/MOL =   -5420.08876 KJ/MOL


          COSMO AREA              =       2147.65 SQUARE ANGSTROMS
          COSMO VOLUME            =       4435.86 CUBIC ANGSTROMS

          IONIZATION POTENTIAL    =         10.154953 EV
          HOMO LUMO ENERGIES (EV) =        -10.155 -4.571
          NO. OF FILLED LEVELS    =        708
          MOLECULAR WEIGHT        =       3720.2634         POINT GROUP:  C1  

          MOLECULAR DIMENSIONS (Angstroms)

            Atom       Atom       Distance
            H   397    O     7    28.02847
            H   196    H    83    25.15323
            H   129    H   495    23.58476


          SCF CALCULATIONS        =          1

          WALL-CLOCK TIME         =          2 MINUTES AND 15.500 SECONDS
          COMPUTATION TIME        =          3 MINUTES AND 41.572 SECONDS




   ATOM                 CHEMICAL                   X               Y               Z
  NUMBER                 SYMBOL               (ANGSTROMS)     (ANGSTROMS)     (ANGSTROMS)

     1       N(ATOM      1  N   ASP A   1)    1.55200000  *   0.47000000  *  -2.64000000  *
     2       C(ATOM      2  CA  ASP A   1)    2.12200000  *   0.06700000  *  -1.34400000  *
     3       C(ATOM      3  C   ASP A   1)    3.49800000  *  -0.53600000  *  -1.47800000  *
     4       O(ATOM      4  O   ASP A   1)    4.46500000  *   0.21200000  *  -1.46800000  *
     5       C(ATOM      5  CB  ASP A   1)    1.08200000  *  -0.72900000  *  -0.53500000  *
     6       C(ATOM      6  CG  ASP A   1)   -0.21300000  *   0.09800000  *  -0.50900000  *
     7       O(ATOM      7  OD1 ASP A   1)   -0.90600000  *  -0.16700000  *  -1.51400000  *
     8       O(ATOM      8  OD2 ASP A   1)    0.02100000  *   1.29800000  *  -0.21300000  *
     9       H(ATOM      9  H1  ASP A   1)    0.60700000  *   0.81600000  *  -2.44300000  *
    10       H(ATOM     10  HA  ASP A   1)    2.29300000  *   0.98200000  *  -0.77900000  *
    11       H(ATOM     11  HB2 ASP A   1)    0.89800000  *  -1.68500000  *  -1.03800000  *
    12       H(ATOM     12  HB3 ASP A   1)    1.46400000  *  -0.94000000  *   0.46300000  *
    13       H(ATOM     13  H2  ASP A   1)    2.10100000  *   1.20300000  *  -3.05700000  *
    14       H(ATOM     14  H3  ASP A   1)    1.46400000  *  -0.32000000  *  -3.26300000  *
    15       N(ATOM     15  N   CYS A   2)    3.60000000  *  -1.83500000  *  -1.68600000  *
    16       C(ATOM     16  CA  CYS A   2)    4.88000000  *  -2.54100000  *  -1.82800000  *
    17       C(ATOM     17  C   CYS A   2)    5.20000000  *  -2.91600000  *  -3.28600000  *
    18       O(ATOM     18  O   CYS A   2)    4.29900000  *  -2.96400000  *  -4.12300000  *
    19       C(ATOM     19  CB  CYS A   2)    4.83100000  *  -3.77400000  *  -0.92500000  *
    20       S(ATOM     20  SG  CYS A   2)    3.72300000  *  -5.09800000  *  -1.48900000  *
    21       H(ATOM     21  H   CYS A   2)    2.76900000  *  -2.41400000  *  -1.75600000  *
    22       H(ATOM     22  HA  CYS A   2)    5.68300000  *  -1.89500000  *  -1.46800000  *
    23       H(ATOM     23  HB2 CYS A   2)    5.83800000  *  -4.17400000  *  -0.88800000  *
    24       H(ATOM     24  HB3 CYS A   2)    4.54300000  *  -3.46800000  *   0.08200000  *
    25       N(ATOM     25  N   GLY A   3)    6.46000000  *  -3.27100000  *  -3.53300000  *
    26       C(ATOM     26  CA  GLY A   3)    6.94000000  *  -3.99200000  *  -4.71400000  *
    27       C(ATOM     27  C   GLY A   3)    7.30800000  *  -5.46100000  *  -4.43000000  *
    28       O(ATOM     28  O   GLY A   3)    7.22600000  *  -5.94400000  *  -3.29200000  *
    29       H(ATOM     29  H   GLY A   3)    7.15100000  *  -3.13600000  *  -2.80800000  *
    30       H(ATOM     30  HA2 GLY A   3)    6.18300000  *  -3.97300000  *  -5.50000000  *
    31       H(ATOM     31  HA3 GLY A   3)    7.82700000  *  -3.49000000  *  -5.10100000  *
    32       N(ATOM     32  N   HIS A   4)    7.64300000  *  -6.17600000  *  -5.50200000  *
    33       C(ATOM     33  CA  HIS A   4)    7.82400000  *  -7.62500000  *  -5.59900000  *
    34       C(ATOM     34  C   HIS A   4)    9.08600000  *  -8.16600000  *  -4.89200000  *
    35       O(ATOM     35  O   HIS A   4)   10.01200000  *  -7.43500000  *  -4.54200000  *
    36       C(ATOM     36  CB  HIS A   4)    7.86700000  *  -8.01600000  *  -7.08900000  *
    37       C(ATOM     37  CG  HIS A   4)    6.83200000  *  -7.36900000  *  -7.97600000  *
    38       N(ATOM     38  ND1 HIS A   4)    7.10200000  *  -6.55700000  *  -9.04500000  *
    39       C(ATOM     39  CD2 HIS A   4)    5.46700000  *  -7.50300000  *  -7.90900000  *
    40       C(ATOM     40  CE1 HIS A   4)    5.94200000  *  -6.19000000  *  -9.60200000  *
    41       N(ATOM     41  NE2 HIS A   4)    4.90700000  *  -6.75500000  *  -8.95200000  *
    42       H(ATOM     42  H   HIS A   4)    7.74400000  *  -5.64600000  *  -6.37000000  *
    43       H(ATOM     43  HA  HIS A   4)    6.95600000  *  -8.10200000  *  -5.14000000  *
    44       H(ATOM     44  HB2 HIS A   4)    8.84900000  *  -7.74100000  *  -7.48000000  *
    45       H(ATOM     45  HB3 HIS A   4)    7.76800000  *  -9.09800000  *  -7.18100000  *
    46       H(ATOM     46  HD1 HIS A   4)    8.02400000  *  -6.12600000  *  -9.22400000  *
    47       H(ATOM     47  HD2 HIS A   4)    4.92600000  *  -8.07400000  *  -7.16900000  *
    48       H(ATOM     48  HE1 HIS A   4)    5.84000000  *  -5.51000000  * -10.43900000  *
    49       N(ATOM     49  N   LEU A   5)    9.23300000  *  -9.50100000  *  -4.89300000  *
    50       C(ATOM     50  CA  LEU A   5)   10.39400000  * -10.24300000  *  -4.34400000  *
    51       C(ATOM     51  C   LEU A   5)   11.75600000  *  -9.79300000  *  -4.91400000  *
    52       O(ATOM     52  O   LEU A   5)   12.69400000  *  -9.63700000  *  -4.14100000  *
    53       C(ATOM     53  CB  LEU A   5)   10.15000000  * -11.76000000  *  -4.52900000  *
    54       C(ATOM     54  CG  LEU A   5)   11.35700000  * -12.69700000  *  -4.33800000  *
    55       C(ATOM     55  CD1 LEU A   5)   11.99100000  * -12.63500000  *  -2.95000000  *
    56       C(ATOM     56  CD2 LEU A   5)   10.92000000  * -14.14800000  *  -4.55900000  *
    57       H(ATOM     57  H   LEU A   5)    8.47400000  * -10.05800000  *  -5.25900000  *
    58       H(ATOM     58  HA  LEU A   5)   10.45000000  * -10.04500000  *  -3.27200000  *
    59       H(ATOM     59  HB2 LEU A   5)    9.34700000  * -12.05400000  *  -3.84600000  *
    60       H(ATOM     60  HB3 LEU A   5)    9.78800000  * -11.90700000  *  -5.54900000  *
    61       H(ATOM     61  HG  LEU A   5)   12.10700000  * -12.41200000  *  -5.05500000  *
    62       H(ATOM     62 HD11 LEU A   5)   11.27600000  * -12.96500000  *  -2.18500000  *
    63       H(ATOM     63 HD12 LEU A   5)   12.33600000  * -11.62400000  *  -2.70100000  *
    64       H(ATOM     64 HD13 LEU A   5)   12.85500000  * -13.30800000  *  -2.93000000  *
    65       H(ATOM     65 HD21 LEU A   5)   10.31700000  * -14.20100000  *  -5.46200000  *
    66       H(ATOM     66 HD22 LEU A   5)   10.34200000  * -14.52800000  *  -3.70500000  *
    67       H(ATOM     67 HD23 LEU A   5)   11.81700000  * -14.74500000  *  -4.69100000  *
    68       N(ATOM     68  N   HIS A   6)   11.87500000  *  -9.60600000  *  -6.23200000  *
    69       C(ATOM     69  CA  HIS A   6)   13.14200000  *  -9.25100000  *  -6.89800000  *
    70       C(ATOM     70  C   HIS A   6)   13.18100000  *  -7.81500000  *  -7.46600000  *
    71       O(ATOM     71  O   HIS A   6)   14.04900000  *  -7.49800000  *  -8.28100000  *
    72       C(ATOM     72  CB  HIS A   6)   13.50400000  * -10.33100000  *  -7.93700000  *
    73       C(ATOM     73  CG  HIS A   6)   13.75800000  * -11.69400000  *  -7.34000000  *
    74       N(ATOM     74  ND1 HIS A   6)   14.66800000  * -11.98100000  *  -6.34700000  *
    75       C(ATOM     75  CD2 HIS A   6)   13.12800000  * -12.86800000  *  -7.66000000  *
    76       C(ATOM     76  CE1 HIS A   6)   14.60000000  * -13.29700000  *  -6.08700000  *
    77       N(ATOM     77  NE2 HIS A   6)   13.67300000  * -13.88000000  *  -6.86200000  *
    78       H(ATOM     78  H   HIS A   6)   11.06400000  *  -9.76200000  *  -6.80900000  *
    79       H(ATOM     79  HA  HIS A   6)   13.93900000  *  -9.26500000  *  -6.15400000  *
    80       H(ATOM     80  HB2 HIS A   6)   12.70300000  * -10.40100000  *  -8.67500000  *
    81       H(ATOM     81  HB3 HIS A   6)   14.41300000  * -10.03400000  *  -8.46100000  *
    82       H(ATOM     82  HD1 HIS A   6)   15.24500000  * -11.30600000  *  -5.86600000  *
    83       H(ATOM     83  HD2 HIS A   6)   12.34900000  * -12.99500000  *  -8.39800000  *
    84       H(ATOM     84  HE1 HIS A   6)   15.19000000  * -13.81900000  *  -5.34500000  *
    85       N(ATOM     85  N   ASP A   7)   12.25100000  *  -6.94600000  *  -7.05600000  *
    86       C(ATOM     86  CA  ASP A   7)   12.13700000  *  -5.57000000  *  -7.56500000  *
    87       C(ATOM     87  C   ASP A   7)   13.37000000  *  -4.68700000  *  -7.28000000  *
    88       O(ATOM     88  O   ASP A   7)   14.09600000  *  -4.90100000  *  -6.31000000  *
    89       C(ATOM     89  CB  ASP A   7)   10.88100000  *  -4.89300000  *  -6.97700000  *
    90       C(ATOM     90  CG  ASP A   7)    9.65500000  *  -4.93800000  *  -7.88300000  *
    91       O(ATOM     91  OD1 ASP A   7)    9.69700000  *  -5.56000000  *  -8.97000000  *
    92       O(ATOM     92  OD2 ASP A   7)    8.60500000  *  -4.43100000  *  -7.43700000  *
    93       H(ATOM     93  H   ASP A   7)   11.58400000  *  -7.24400000  *  -6.35600000  *
    94       H(ATOM     94  HA  ASP A   7)   12.03900000  *  -5.63100000  *  -8.64800000  *
    95       H(ATOM     95  HB2 ASP A   7)   10.63900000  *  -5.34800000  *  -6.01600000  *
    96       H(ATOM     96  HB3 ASP A   7)   11.09100000  *  -3.84100000  *  -6.77700000  *
    97       N(ATOM     97  N   PRO A   8)   13.56100000  *  -3.58400000  *  -8.02700000  *
    98       C(ATOM     98  CA  PRO A   8)   14.48800000  *  -2.52800000  *  -7.63100000  *
    99       C(ATOM     99  C   PRO A   8)   13.97700000  *  -1.78700000  *  -6.37800000  *
   100       O(ATOM    100  O   PRO A   8)   12.81200000  *  -1.40500000  *  -6.30200000  *
   101       C(ATOM    101  CB  PRO A   8)   14.57200000  *  -1.62000000  *  -8.86200000  *
   102       C(ATOM    102  CG  PRO A   8)   13.17200000  *  -1.72700000  *  -9.47000000  *
   103       C(ATOM    103  CD  PRO A   8)   12.79500000  *  -3.18400000  *  -9.20100000  *
   104       H(ATOM    104  HA  PRO A   8)   15.47000000  *  -2.95300000  *  -7.42400000  *
   105       H(ATOM    105  HB2 PRO A   8)   14.83000000  *  -0.59400000  *  -8.61000000  *
   106       H(ATOM    106  HB3 PRO A   8)   15.30000000  *  -2.03100000  *  -9.56300000  *
   107       H(ATOM    107  HG2 PRO A   8)   12.48500000  *  -1.06700000  *  -8.93800000  *
   108       H(ATOM    108  HG3 PRO A   8)   13.17100000  *  -1.50000000  * -10.53600000  *
   109       H(ATOM    109  HD2 PRO A   8)   11.72000000  *  -3.25700000  *  -9.03100000  *
   110       H(ATOM    110  HD3 PRO A   8)   13.07900000  *  -3.80600000  * -10.05200000  *
   111       N(ATOM    111  N   CYS A   9)   14.89100000  *  -1.39200000  *  -5.48600000  *
   112       C(ATOM    112  CA  CYS A   9)   14.57800000  *  -0.59600000  *  -4.28700000  *
   113       C(ATOM    113  C   CYS A   9)   15.40600000  *   0.70700000  *  -4.20100000  *
   114       O(ATOM    114  O   CYS A   9)   16.22900000  *   0.86100000  *  -3.30100000  *
   115       C(ATOM    115  CB  CYS A   9)   14.66700000  *  -1.49800000  *  -3.04300000  *
   116       S(ATOM    116  SG  CYS A   9)   16.22100000  *  -2.41100000  *  -2.83800000  *
   117       H(ATOM    117  H   CYS A   9)   15.84000000  *  -1.71100000  *  -5.59900000  *
   118       H(ATOM    118  HA  CYS A   9)   13.54300000  *  -0.26400000  *  -4.34500000  *
   119       H(ATOM    119  HB2 CYS A   9)   14.49700000  *  -0.88400000  *  -2.15700000  *
   120       H(ATOM    120  HB3 CYS A   9)   13.85500000  *  -2.22500000  *  -3.09100000  *
   121       N(ATOM    121  N   PRO A  10)   15.25200000  *   1.64800000  *  -5.15800000  *
   122       C(ATOM    122  CA  PRO A  10)   16.02100000  *   2.89800000  *  -5.18100000  *
   123       C(ATOM    123  C   PRO A  10)   15.56500000  *   3.90900000  *  -4.11800000  *
   124       O(ATOM    124  O   PRO A  10)   16.36200000  *   4.72100000  *  -3.66800000  *
   125       C(ATOM    125  CB  PRO A  10)   15.81000000  *   3.45700000  *  -6.59100000  *
   126       C(ATOM    126  CG  PRO A  10)   14.40000000  *   2.98500000  *  -6.94700000  *
   127       C(ATOM    127  CD  PRO A  10)   14.32600000  *   1.61000000  *  -6.28400000  *
   128       H(ATOM    128  HA  PRO A  10)   17.08000000  *   2.69500000  *  -5.02200000  *
   129       H(ATOM    129  HB2 PRO A  10)   15.89600000  *   4.54400000  *  -6.62200000  *
   130       H(ATOM    130  HB3 PRO A  10)   16.53100000  *   3.00000000  *  -7.27200000  *
   131       H(ATOM    131  HG2 PRO A  10)   13.66100000  *   3.65200000  *  -6.50200000  *
   132       H(ATOM    132  HG3 PRO A  10)   14.25600000  *   2.92000000  *  -8.02600000  *
   133       H(ATOM    133  HD2 PRO A  10)   13.30600000  *   1.39600000  *  -5.96200000  *
   134       H(ATOM    134  HD3 PRO A  10)   14.66000000  *   0.85800000  *  -6.99600000  *
   135       N(ATOM    135  N   ASN A  11)   14.29800000  *   3.84200000  *  -3.69700000  *
   136       C(ATOM    136  CA  ASN A  11)   13.73000000  *   4.66000000  *  -2.62200000  *
   137       C(ATOM    137  C   ASN A  11)   13.67300000  *   3.89100000  *  -1.28400000  *
   138       O(ATOM    138  O   ASN A  11)   12.69200000  *   4.02200000  *  -0.55100000  *
   139       C(ATOM    139  CB  ASN A  11)   12.37000000  *   5.23600000  *  -3.07600000  *
   140       C(ATOM    140  CG  ASN A  11)   12.54000000  *   6.33300000  *  -4.10500000  *
   141       O(ATOM    141  OD1 ASN A  11)   12.90500000  *   7.44900000  *  -3.79000000  *
   142       N(ATOM    142  ND2 ASN A  11)   12.23100000  *   6.08600000  *  -5.35500000  *
   143       H(ATOM    143  H   ASN A  11)   13.72300000  *   3.10600000  *  -4.06900000  *
   144       H(ATOM    144  HA  ASN A  11)   14.39400000  *   5.50800000  *  -2.43300000  *
   145       H(ATOM    145  HB2 ASN A  11)   11.73000000  *   4.44100000  *  -3.45500000  *
   146       H(ATOM    146  HB3 ASN A  11)   11.86800000  *   5.69000000  *  -2.22200000  *
   147       H(ATOM    147 HD21 ASN A  11)   11.85600000  *   5.20100000  *  -5.63200000  *
   148       H(ATOM    148 HD22 ASN A  11)   12.33500000  *   6.86500000  *  -5.98300000  *
   149       N(ATOM    149  N   ASP A  12)   14.62700000  *   2.98800000  *  -1.01400000  *
   150       C(ATOM    150  CA  ASP A  12)   14.65700000  *   2.32300000  *   0.29100000  *
   151       C(ATOM    151  C   ASP A  12)   15.03500000  *   3.31200000  *   1.39700000  *
   152       O(ATOM    152  O   ASP A  12)   16.02000000  *   4.04700000  *   1.30400000  *
   153       C(ATOM    153  CB  ASP A  12)   15.58100000  *   1.09600000  *   0.32900000  *
   154       C(ATOM    154  CG  ASP A  12)   15.05600000  *   0.08200000  *   1.34900000  *
   155       O(ATOM    155  OD1 ASP A  12)   13.85500000  *  -0.25700000  *   1.25500000  *
   156       O(ATOM    156  OD2 ASP A  12)   15.82100000  *  -0.37300000  *   2.22800000  *
   157       H(ATOM    157  H   ASP A  12)   15.44600000  *   2.93900000  *  -1.60300000  *
   158       H(ATOM    158  HA  ASP A  12)   13.63700000  *   1.98800000  *   0.48500000  *
   159       H(ATOM    159  HB2 ASP A  12)   15.58500000  *   0.61100000  *  -0.64400000  *
   160       H(ATOM    160  HB3 ASP A  12)   16.60000000  *   1.38800000  *   0.58700000  *
   161       N(ATOM    161  N   ARG A  13)   14.24800000  *   3.32400000  *   2.47300000  *
   162       C(ATOM    162  CA  ARG A  13)   14.42100000  *   4.24300000  *   3.60300000  *
   163       C(ATOM    163  C   ARG A  13)   13.89500000  *   3.61100000  *   4.89300000  *
   164       O(ATOM    164  O   ARG A  13)   12.92000000  *   2.85300000  *   4.84700000  *
   165       C(ATOM    165  CB  ARG A  13)   13.76500000  *   5.60600000  *   3.28600000  *
   166       C(ATOM    166  CG  ARG A  13)   12.29300000  *   5.48700000  *   2.86100000  *
   167       C(ATOM    167  CD  ARG A  13)   11.60700000  *   6.83500000  *   2.63200000  *
   168       N(ATOM    168  NE  ARG A  13)   11.22900000  *   7.48100000  *   3.90600000  *
   169       C(ATOM    169  CZ  ARG A  13)   10.33900000  *   8.44700000  *   4.05300000  *
   170       N(ATOM    170  NH1 ARG A  13)    9.74200000  *   9.00000000  *   3.03500000  *
   171       N(ATOM    171  NH2 ARG A  13)   10.02200000  *   8.87200000  *   5.24300000  *
   172       H(ATOM    172  H   ARG A  13)   13.43900000  *   2.71400000  *   2.47500000  *
   173       H(ATOM    173  HA  ARG A  13)   15.49300000  *   4.40600000  *   3.72200000  *
   174       H(ATOM    174  HB2 ARG A  13)   13.83800000  *   6.25300000  *   4.15900000  *
   175       H(ATOM    175  HB3 ARG A  13)   14.31900000  *   6.07600000  *   2.47100000  *
   176       H(ATOM    176  HG2 ARG A  13)   12.24200000  *   4.93500000  *   1.92400000  *
   177       H(ATOM    177  HG3 ARG A  13)   11.74000000  *   4.94000000  *   3.62300000  *
   178       H(ATOM    178  HD2 ARG A  13)   12.26800000  *   7.48400000  *   2.05200000  *
   179       H(ATOM    179  HD3 ARG A  13)   10.70700000  *   6.64400000  *   2.04300000  *
   180       H(ATOM    180  HE  ARG A  13)   11.63200000  *   7.09300000  *   4.74300000  *
   181       H(ATOM    181 HH11 ARG A  13)    9.98200000  *   8.68800000  *   2.11000000  *
   182       H(ATOM    182 HH12 ARG A  13)    9.05800000  *   9.72300000  *   3.16200000  *
   183       H(ATOM    183 HH21 ARG A  13)   10.45500000  *   8.46900000  *   6.05500000  *
   184       H(ATOM    184 HH22 ARG A  13)    9.32500000  *   9.58700000  *   5.35300000  *
   185       N(ATOM    185  N   PRO A  14)   14.46100000  *   3.95300000  *   6.06500000  *
   186       C(ATOM    186  CA  PRO A  14)   13.93500000  *   3.47900000  *   7.33800000  *
   187       C(ATOM    187  C   PRO A  14)   12.45400000  *   3.87400000  *   7.50800000  *
   188       O(ATOM    188  O   PRO A  14)   12.02300000  *   4.95500000  *   7.09000000  *
   189       C(ATOM    189  CB  PRO A  14)   14.85600000  *   4.06500000  *   8.41400000  *
   190       C(ATOM    190  CG  PRO A  14)   15.47700000  *   5.29100000  *   7.74300000  *
   191       C(ATOM    191  CD  PRO A  14)   15.57800000  *   4.86400000  *   6.28000000  *
   192       H(ATOM    192  HA  PRO A  14)   14.01500000  *   2.39100000  *   7.36800000  *
   193       H(ATOM    193  HB2 PRO A  14)   14.31700000  *   4.33500000  *   9.32300000  *
   194       H(ATOM    194  HB3 PRO A  14)   15.64500000  *   3.34600000  *   8.64100000  *
   195       H(ATOM    195  HG2 PRO A  14)   14.80000000  *   6.14200000  *   7.83100000  *
   196       H(ATOM    196  HG3 PRO A  14)   16.45500000  *   5.53200000  *   8.16100000  *
   197       H(ATOM    197  HD2 PRO A  14)   15.52700000  *   5.74300000  *   5.63600000  *
   198       H(ATOM    198  HD3 PRO A  14)   16.51600000  *   4.33200000  *   6.11200000  *
   199       N(ATOM    199  N   GLY A  15)   11.65600000  *   2.91400000  *   7.97400000  *
   200       C(ATOM    200  CA  GLY A  15)   10.19500000  *   3.01500000  *   8.11700000  *
   201       C(ATOM    201  C   GLY A  15)    9.36600000  *   2.79600000  *   6.84000000  *
   202       O(ATOM    202  O   GLY A  15)    8.28200000  *   2.23000000  *   6.94300000  *
   203       H(ATOM    203  H   GLY A  15)   12.08100000  *   2.03400000  *   8.22900000  *
   204       H(ATOM    204  HA2 GLY A  15)    9.86700000  *   2.28200000  *   8.85200000  *
   205       H(ATOM    205  HA3 GLY A  15)    9.94800000  *   4.00600000  *   8.50000000  *
   206       N(ATOM    206  N   HIS A  16)    9.91200000  *   3.03200000  *   5.64200000  *
   207       C(ATOM    207  CA  HIS A  16)    9.18400000  *   2.89200000  *   4.36800000  *
   208       C(ATOM    208  C   HIS A  16)   10.06100000  *   2.25700000  *   3.28000000  *
   209       O(ATOM    209  O   HIS A  16)   10.63200000  *   2.94500000  *   2.43800000  *
   210       C(ATOM    210  CB  HIS A  16)    8.61600000  *   4.25300000  *   3.92500000  *
   211       C(ATOM    211  CG  HIS A  16)    7.47900000  *   4.76000000  *   4.77400000  *
   212       N(ATOM    212  ND1 HIS A  16)    6.18200000  *   4.29800000  *   4.76000000  *
   213       C(ATOM    213  CD2 HIS A  16)    7.54600000  *   5.73700000  *   5.72900000  *
   214       C(ATOM    214  CE1 HIS A  16)    5.48300000  *   4.99500000  *   5.67100000  *
   215       N(ATOM    215  NE2 HIS A  16)    6.27400000  *   5.89400000  *   6.28100000  *
   216       H(ATOM    216  H   HIS A  16)   10.86300000  *   3.38000000  *   5.60200000  *
   217       H(ATOM    217  HA  HIS A  16)    8.33600000  *   2.22000000  *   4.50800000  *
   218       H(ATOM    218  HB2 HIS A  16)    9.41200000  *   4.99600000  *   3.92100000  *
   219       H(ATOM    219  HB3 HIS A  16)    8.24400000  *   4.16000000  *   2.90300000  *
   220       H(ATOM    220  HD1 HIS A  16)    5.81600000  *   3.55300000  *   4.18600000  *
   221       H(ATOM    221  HD2 HIS A  16)    8.42900000  *   6.28900000  *   6.01200000  *
   222       H(ATOM    222  HE1 HIS A  16)    4.43000000  *   4.85600000  *   5.88600000  *
   223       N(ATOM    223  N   ARG A  17)   10.16200000  *   0.92500000  *   3.29800000  *
   224       C(ATOM    224  CA  ARG A  17)   10.85400000  *   0.14800000  *   2.25900000  *
   225       C(ATOM    225  C   ARG A  17)    9.92900000  *  -0.12400000  *   1.07500000  *
   226       O(ATOM    226  O   ARG A  17)    8.78700000  *  -0.51400000  *   1.29000000  *
   227       C(ATOM    227  CB  ARG A  17)   11.42700000  *  -1.14900000  *   2.86200000  *
   228       C(ATOM    228  CG  ARG A  17)   12.43800000  *  -0.81500000  *   3.97900000  *
   229       C(ATOM    229  CD  ARG A  17)   13.64700000  *  -1.75600000  *   4.02700000  *
   230       N(ATOM    230  NE  ARG A  17)   13.36500000  *  -3.06100000  *   4.65700000  *
   231       C(ATOM    231  CZ  ARG A  17)   14.28600000  *  -3.96500000  *   4.93100000  *
   232       N(ATOM    232  NH1 ARG A  17)   15.53600000  *  -3.79800000  *   4.59600000  *
   233       N(ATOM    233  NH2 ARG A  17)   13.96500000  *  -5.07900000  *   5.52500000  *
   234       H(ATOM    234  H   ARG A  17)    9.59600000  *   0.42300000  *   3.96500000  *
   235       H(ATOM    235  HA  ARG A  17)   11.68500000  *   0.74000000  *   1.87000000  *
   236       H(ATOM    236  HB2 ARG A  17)   10.62100000  *  -1.76700000  *   3.26200000  *
   237       H(ATOM    237  HB3 ARG A  17)   11.92200000  *  -1.71200000  *   2.06900000  *
   238       H(ATOM    238  HG2 ARG A  17)   12.83900000  *   0.18500000  *   3.80200000  *
   239       H(ATOM    239  HG3 ARG A  17)   11.92900000  *  -0.80400000  *   4.94400000  *
   240       H(ATOM    240  HD2 ARG A  17)   14.00900000  *  -1.91800000  *   3.01100000  *
   241       H(ATOM    241  HD3 ARG A  17)   14.43400000  *  -1.24700000  *   4.58900000  *
   242       H(ATOM    242  HE  ARG A  17)   12.41000000  *  -3.24500000  *   4.91600000  *
   243       H(ATOM    243 HH11 ARG A  17)   15.78100000  *  -2.94900000  *   4.10000000  *
   244       H(ATOM    244 HH12 ARG A  17)   16.24200000  *  -4.47600000  *   4.81600000  *
   245       H(ATOM    245 HH21 ARG A  17)   12.99300000  *  -5.29200000  *   5.67500000  *
   246       H(ATOM    246 HH22 ARG A  17)   14.67300000  *  -5.75900000  *   5.73300000  *
   247       N(ATOM    247  N   THR A  18)   10.45800000  *  -0.13800000  *  -0.15000000  *
   248       C(ATOM    248  CA  THR A  18)    9.68500000  *  -0.52600000  *  -1.35600000  *
   249       C(ATOM    249  C   THR A  18)    9.46800000  *  -2.04600000  *  -1.48500000  *
   250       O(ATOM    250  O   THR A  18)    8.98200000  *  -2.50900000  *  -2.51000000  *
   251       C(ATOM    251  CB  THR A  18)   10.29900000  *   0.04000000  *  -2.65200000  *
   252       O(ATOM    252  OG1 THR A  18)   11.51200000  *  -0.60500000  *  -2.94800000  *
   253       C(ATOM    253  CG2 THR A  18)   10.58500000  *   1.54200000  *  -2.59100000  *
   254       H(ATOM    254  H   THR A  18)   11.42900000  *   0.12300000  *  -0.26500000  *
   255       H(ATOM    255  HA  THR A  18)    8.69000000  *  -0.09000000  *  -1.26600000  *
   256       H(ATOM    256  HB  THR A  18)    9.60400000  *  -0.13600000  *  -3.47300000  *
   257       H(ATOM    257  HG1 THR A  18)   11.29200000  *  -1.35900000  *  -3.51000000  *
   258       H(ATOM    258 HG21 THR A  18)   11.36800000  *   1.75500000  *  -1.86300000  *
   259       H(ATOM    259 HG22 THR A  18)    9.67600000  *   2.07700000  *  -2.31600000  *
   260       H(ATOM    260 HG23 THR A  18)   10.91200000  *   1.88300000  *  -3.57400000  *
   261       N(ATOM    261  N   CYS A  19)    9.83300000  *  -2.83400000  *  -0.47300000  *
   262       C(ATOM    262  CA  CYS A  19)    9.66500000  *  -4.28900000  *  -0.40800000  *
   263       C(ATOM    263  C   CYS A  19)    8.40600000  *  -4.67400000  *   0.39100000  *
   264       O(ATOM    264  O   CYS A  19)    8.13300000  *  -4.07500000  *   1.43000000  *
   265       C(ATOM    265  CB  CYS A  19)   10.90200000  *  -4.87500000  *   0.28000000  *
   266       S(ATOM    266  SG  CYS A  19)   12.42900000  *  -4.96700000  *  -0.69100000  *
   267       H(ATOM    267  H   CYS A  19)   10.07700000  *  -2.36900000  *   0.38600000  *
   268       H(ATOM    268  HA  CYS A  19)    9.58400000  *  -4.70800000  *  -1.41400000  *
   269       H(ATOM    269  HB2 CYS A  19)   11.10000000  *  -4.28600000  *   1.17600000  *
   270       H(ATOM    270  HB3 CYS A  19)   10.66800000  *  -5.88100000  *   0.61300000  *
   271       N(ATOM    271  N   CYS A  20)    7.72400000  *  -5.75500000  *  -0.00100000  *
   272       C(ATOM    272  CA  CYS A  20)    6.55200000  *  -6.27700000  *   0.71900000  *
   273       C(ATOM    273  C   CYS A  20)    6.87200000  *  -7.10800000  *   1.98900000  *
   274       O(ATOM    274  O   CYS A  20)    8.01400000  *  -7.20000000  *   2.44400000  *
   275       C(ATOM    275  CB  CYS A  20)    5.65600000  *  -7.05100000  *  -0.26600000  *
   276       S(ATOM    276  SG  CYS A  20)    3.92000000  *  -6.57000000  *  -0.09400000  *
   277       H(ATOM    277  H   CYS A  20)    7.96200000  *  -6.17600000  *  -0.89000000  *
   278       H(ATOM    278  HA  CYS A  20)    5.98100000  *  -5.41700000  *   1.06900000  *
   279       H(ATOM    279  HB2 CYS A  20)    5.95700000  *  -6.84800000  *  -1.29500000  *
   280       H(ATOM    280  HB3 CYS A  20)    5.75800000  *  -8.12500000  *  -0.09900000  *
   281       N(ATOM    281  N   ILE A  21)    5.83900000  *  -7.71300000  *   2.59300000  *
   282       C(ATOM    282  CA  ILE A  21)    5.98500000  *  -8.64600000  *   3.72300000  *
   283       C(ATOM    283  C   ILE A  21)    6.88500000  *  -9.84100000  *   3.35300000  *
   284       O(ATOM    284  O   ILE A  21)    6.84000000  * -10.33500000  *   2.23200000  *
   285       C(ATOM    285  CB  ILE A  21)    4.59700000  *  -9.08600000  *   4.25400000  *
   286       C(ATOM    286  CG1 ILE A  21)    4.74900000  *  -9.81800000  *   5.60800000  *
   287       C(ATOM    287  CG2 ILE A  21)    3.82700000  *  -9.94900000  *   3.23500000  *
   288       C(ATOM    288  CD1 ILE A  21)    3.42200000  * -10.09400000  *   6.32700000  *
   289       H(ATOM    289  H   ILE A  21)    4.93200000  *  -7.64600000  *   2.15300000  *
   290       H(ATOM    290  HA  ILE A  21)    6.48300000  *  -8.09400000  *   4.52100000  *
   291       H(ATOM    291  HB  ILE A  21)    4.01400000  *  -8.18100000  *   4.43200000  *
   292       H(ATOM    292 HG12 ILE A  21)    5.26100000  * -10.77000000  *   5.46100000  *
   293       H(ATOM    293 HG13 ILE A  21)    5.35700000  *  -9.20000000  *   6.27000000  *
   294       H(ATOM    294 HG21 ILE A  21)    4.32500000  * -10.91000000  *   3.09000000  *
   295       H(ATOM    295 HG22 ILE A  21)    2.81100000  * -10.13300000  *   3.58400000  *
   296       H(ATOM    296 HG23 ILE A  21)    3.76300000  *  -9.44100000  *   2.27300000  *
   297       H(ATOM    297 HD11 ILE A  21)    2.83500000  * -10.82500000  *   5.77200000  *
   298       H(ATOM    298 HD12 ILE A  21)    3.62900000  * -10.50100000  *   7.31800000  *
   299       H(ATOM    299 HD13 ILE A  21)    2.85400000  *  -9.17000000  *   6.43300000  *
   300       N(ATOM    300  N   GLY A  22)    7.73700000  * -10.28100000  *   4.28600000  *
   301       C(ATOM    301  CA  GLY A  22)    8.71200000  * -11.36000000  *   4.05300000  *
   302       C(ATOM    302  C   GLY A  22)    9.95700000  * -10.95300000  *   3.24800000  *
   303       O(ATOM    303  O   GLY A  22)   10.80700000  * -11.80300000  *   2.98600000  *
   304       H(ATOM    304  H   GLY A  22)    7.71900000  *  -9.84300000  *   5.19100000  *
   305       H(ATOM    305  HA2 GLY A  22)    9.04900000  * -11.75300000  *   5.01100000  *
   306       H(ATOM    306  HA3 GLY A  22)    8.22200000  * -12.17000000  *   3.51000000  *
   307       N(ATOM    307  N   LEU A  23)   10.10700000  *  -9.66700000  *   2.90900000  *
   308       C(ATOM    308  CA  LEU A  23)   11.13900000  *  -9.17700000  *   1.99200000  *
   309       C(ATOM    309  C   LEU A  23)   12.06200000  *  -8.10400000  *   2.60700000  *
   310       O(ATOM    310  O   LEU A  23)   11.82500000  *  -7.54800000  *   3.68700000  *
   311       C(ATOM    311  CB  LEU A  23)   10.46500000  *  -8.67500000  *   0.70200000  *
   312       C(ATOM    312  CG  LEU A  23)    9.55700000  *  -9.67000000  *  -0.04100000  *
   313       C(ATOM    313  CD1 LEU A  23)    8.90700000  *  -8.97800000  *  -1.23800000  *
   314       C(ATOM    314  CD2 LEU A  23)   10.35000000  * -10.86700000  *  -0.54600000  *
   315       H(ATOM    315  H   LEU A  23)    9.35000000  *  -9.02800000  *   3.11300000  *
   316       H(ATOM    316  HA  LEU A  23)   11.79400000  * -10.00400000  *   1.71400000  *
   317       H(ATOM    317  HB2 LEU A  23)    9.86900000  *  -7.80100000  *   0.94700000  *
   318       H(ATOM    318  HB3 LEU A  23)   11.24900000  *  -8.36600000  *   0.01700000  *
   319       H(ATOM    319  HG  LEU A  23)    8.76900000  * -10.02400000  *   0.61500000  *
   320       H(ATOM    320 HD11 LEU A  23)    8.29900000  *  -9.69200000  *  -1.79300000  *
   321       H(ATOM    321 HD12 LEU A  23)    9.67100000  *  -8.55300000  *  -1.89000000  *
   322       H(ATOM    322 HD13 LEU A  23)    8.26000000  *  -8.18100000  *  -0.89000000  *
   323       H(ATOM    323 HD21 LEU A  23)   11.20500000  * -10.51800000  *  -1.12400000  *
   324       H(ATOM    324 HD22 LEU A  23)    9.71000000  * -11.49800000  *  -1.16200000  *
   325       H(ATOM    325 HD23 LEU A  23)   10.69900000  * -11.45800000  *   0.29700000  *
   326       N(ATOM    326  N   GLN A  24)   13.16600000  *  -7.84100000  *   1.90900000  *
   327       C(ATOM    327  CA  GLN A  24)   14.28700000  *  -7.01700000  *   2.35000000  *
   328       C(ATOM    328  C   GLN A  24)   15.01100000  *  -6.40500000  *   1.13900000  *
   329       O(ATOM    329  O   GLN A  24)   15.49800000  *  -7.12800000  *   0.28000000  *
   330       C(ATOM    330  CB  GLN A  24)   15.21500000  *  -7.91300000  *   3.19900000  *
   331       C(ATOM    331  CG  GLN A  24)   16.64900000  *  -7.38500000  *   3.35600000  *
   332       C(ATOM    332  CD  GLN A  24)   17.34400000  *  -7.85800000  *   4.63000000  *
   333       O(ATOM    333  OE1 GLN A  24)   17.85000000  *  -7.04200000  *   5.39100000  *
   334       N(ATOM    334  NE2 GLN A  24)   17.28600000  *  -9.12700000  *   4.97000000  *
   335       H(ATOM    335  H   GLN A  24)   13.32900000  *  -8.41700000  *   1.08400000  *
   336       H(ATOM    336  HA  GLN A  24)   13.91200000  *  -6.20400000  *   2.96800000  *
   337       H(ATOM    337  HB2 GLN A  24)   14.76000000  *  -8.02200000  *   4.18400000  *
   338       H(ATOM    338  HB3 GLN A  24)   15.27700000  *  -8.90300000  *   2.74200000  *
   339       H(ATOM    339  HG2 GLN A  24)   17.23000000  *  -7.71100000  *   2.49400000  *
   340       H(ATOM    340  HG3 GLN A  24)   16.63400000  *  -6.29600000  *   3.37700000  *
   341       H(ATOM    341 HE21 GLN A  24)   16.87400000  *  -9.84200000  *   4.38000000  *
   342       H(ATOM    342 HE22 GLN A  24)   17.66900000  *  -9.42900000  *   5.85100000  *
   343       N(ATOM    343  N   CYS A  25)   15.25800000  *  -5.09300000  *   1.16200000  *
   344       C(ATOM    344  CA  CYS A  25)   16.19600000  *  -4.45200000  *   0.23800000  *
   345       C(ATOM    345  C   CYS A  25)   17.65600000  *  -4.66600000  *   0.68800000  *
   346       O(ATOM    346  O   CYS A  25)   17.99000000  *  -4.40100000  *   1.84900000  *
   347       C(ATOM    347  CB  CYS A  25)   15.85200000  *  -2.96300000  *   0.13800000  *
   348       S(ATOM    348  SG  CYS A  25)   16.89700000  *  -1.97800000  *  -0.97000000  *
   349       H(ATOM    349  H   CYS A  25)   14.84200000  *  -4.52000000  *   1.87600000  *
   350       H(ATOM    350  HA  CYS A  25)   16.06700000  *  -4.88800000  *  -0.75100000  *
   351       H(ATOM    351  HB2 CYS A  25)   14.81300000  *  -2.84800000  *  -0.17500000  *
   352       H(ATOM    352  HB3 CYS A  25)   15.94900000  *  -2.53700000  *   1.13500000  *
   353       N(ATOM    353  N   ARG A  26)   18.53500000  *  -5.06800000  *  -0.24000000  *
   354       C(ATOM    354  CA  ARG A  26)   20.01400000  *  -5.09900000  *  -0.14400000  *
   355       C(ATOM    355  C   ARG A  26)   20.60600000  *  -5.03200000  *  -1.56300000  *
   356       O(ATOM    356  O   ARG A  26)   19.91300000  *  -5.30300000  *  -2.53000000  *
   357       C(ATOM    357  CB  ARG A  26)   20.51100000  *  -6.38800000  *   0.55000000  *
   358       C(ATOM    358  CG  ARG A  26)   20.28700000  *  -6.53700000  *   2.06200000  *
   359       C(ATOM    359  CD  ARG A  26)   20.95300000  *  -5.42200000  *   2.87700000  *
   360       N(ATOM    360  NE  ARG A  26)   20.97100000  *  -5.75200000  *   4.31600000  *
   361       C(ATOM    361  CZ  ARG A  26)   21.85100000  *  -5.32700000  *   5.20500000  *
   362       N(ATOM    362  NH1 ARG A  26)   22.73000000  *  -4.40200000  *   4.92900000  *
   363       N(ATOM    363  NH2 ARG A  26)   21.87200000  *  -5.83300000  *   6.40400000  *
   364       H(ATOM    364  H   ARG A  26)   18.14600000  *  -5.27200000  *  -1.16400000  *
   365       H(ATOM    365  HA  ARG A  26)   20.35600000  *  -4.22000000  *   0.40100000  *
   366       H(ATOM    366  HB2 ARG A  26)   20.04600000  *  -7.24300000  *   0.06400000  *
   367       H(ATOM    367  HB3 ARG A  26)   21.58600000  *  -6.46700000  *   0.38800000  *
   368       H(ATOM    368  HG2 ARG A  26)   19.22300000  *  -6.56900000  *   2.28000000  *
   369       H(ATOM    369  HG3 ARG A  26)   20.71700000  *  -7.49400000  *   2.36300000  *
   370       H(ATOM    370  HD2 ARG A  26)   21.97700000  *  -5.30500000  *   2.51500000  *
   371       H(ATOM    371  HD3 ARG A  26)   20.41000000  *  -4.48800000  *   2.72200000  *
   372       H(ATOM    372  HE  ARG A  26)   20.26100000  *  -6.39500000  *   4.64100000  *
   373       H(ATOM    373 HH11 ARG A  26)   22.68700000  *  -3.95800000  *   4.03000000  *
   374       H(ATOM    374 HH12 ARG A  26)   23.37800000  *  -4.08200000  *   5.62400000  *
   375       H(ATOM    375 HH21 ARG A  26)   21.23500000  *  -6.57600000  *   6.63800000  *
   376       H(ATOM    376 HH22 ARG A  26)   22.57500000  *  -5.55000000  *   7.06100000  *
   377       N(ATOM    377  N   TYR A  27)   21.88200000  *  -4.67900000  *  -1.73100000  *
   378       C(ATOM    378  CA  TYR A  27)   22.56300000  *  -4.73500000  *  -3.04800000  *
   379       C(ATOM    379  C   TYR A  27)   21.86900000  *  -3.93500000  *  -4.18900000  *
   380       O(ATOM    380  O   TYR A  27)   21.98900000  *  -4.27600000  *  -5.36700000  *
   381       C(ATOM    381  CB  TYR A  27)   22.83000000  *  -6.20500000  *  -3.44600000  *
   382       C(ATOM    382  CG  TYR A  27)   23.25500000  *  -7.12900000  *  -2.31500000  *
   383       C(ATOM    383  CD1 TYR A  27)   24.56700000  *  -7.07800000  *  -1.80100000  *
   384       C(ATOM    384  CD2 TYR A  27)   22.32700000  *  -8.04000000  *  -1.77300000  *
   385       C(ATOM    385  CE1 TYR A  27)   24.94500000  *  -7.93000000  *  -0.74400000  *
   386       C(ATOM    386  CE2 TYR A  27)   22.69400000  *  -8.87700000  *  -0.70400000  *
   387       C(ATOM    387  CZ  TYR A  27)   24.00500000  *  -8.82800000  *  -0.19100000  *
   388       O(ATOM    388  OH  TYR A  27)   24.35300000  *  -9.64900000  *   0.83200000  *
   389       H(ATOM    389  H   TYR A  27)   22.45100000  *  -4.55300000  *  -0.91200000  *
   390       H(ATOM    390  HA  TYR A  27)   23.53900000  *  -4.26800000  *  -2.91300000  *
   391       H(ATOM    391  HB2 TYR A  27)   21.91900000  *  -6.61100000  *  -3.89200000  *
   392       H(ATOM    392  HB3 TYR A  27)   23.59700000  *  -6.22600000  *  -4.22100000  *
   393       H(ATOM    393  HD1 TYR A  27)   25.29000000  *  -6.40000000  *  -2.23400000  *
   394       H(ATOM    394  HD2 TYR A  27)   21.32800000  *  -8.09800000  *  -2.18300000  *
   395       H(ATOM    395  HE1 TYR A  27)   25.95300000  *  -7.90200000  *  -0.35600000  *
   396       H(ATOM    396  HE2 TYR A  27)   21.99000000  *  -9.58100000  *  -0.28300000  *
   397       H(ATOM    397  HH  TYR A  27)   25.26600000  *  -9.93500000  *   0.76800000  *
   398       N(ATOM    398  N   GLY A  28)   21.05400000  *  -2.92600000  *  -3.84600000  *
   399       C(ATOM    399  CA  GLY A  28)   20.22600000  *  -2.17500000  *  -4.80100000  *
   400       C(ATOM    400  C   GLY A  28)   19.04400000  *  -2.95700000  *  -5.40400000  *
   401       O(ATOM    401  O   GLY A  28)   18.69300000  *  -2.71000000  *  -6.56200000  *
   402       H(ATOM    402  H   GLY A  28)   20.95100000  *  -2.71200000  *  -2.86700000  *
   403       H(ATOM    403  HA2 GLY A  28)   19.81800000  *  -1.30300000  *  -4.28900000  *
   404       H(ATOM    404  HA3 GLY A  28)   20.85400000  *  -1.82400000  *  -5.62000000  *
   405       N(ATOM    405  N   LYS A  29)   18.53600000  *  -3.98400000  *  -4.70900000  *
   406       C(ATOM    406  CA  LYS A  29)   17.41300000  *  -4.85400000  *  -5.11100000  *
   407       C(ATOM    407  C   LYS A  29)   16.67300000  *  -5.43300000  *  -3.89900000  *
   408       O(ATOM    408  O   LYS A  29)   17.21900000  *  -5.53600000  *  -2.80400000  *
   409       C(ATOM    409  CB  LYS A  29)   17.94200000  *  -5.99000000  *  -6.00600000  *
   410       C(ATOM    410  CG  LYS A  29)   17.63200000  *  -5.73100000  *  -7.49000000  *
   411       C(ATOM    411  CD  LYS A  29)   18.58300000  *  -6.50200000  *  -8.41800000  *
   412       C(ATOM    412  CE  LYS A  29)   19.99500000  *  -5.88900000  *  -8.45300000  *
   413       N(ATOM    413  NZ  LYS A  29)   19.99000000  *  -4.52800000  *  -9.04100000  *
   414       H(ATOM    414  H   LYS A  29)   18.96000000  *  -4.21200000  *  -3.81200000  *
   415       H(ATOM    415  HA  LYS A  29)   16.67500000  *  -4.27100000  *  -5.66400000  *
   416       H(ATOM    416  HB2 LYS A  29)   19.01600000  *  -6.10500000  *  -5.84600000  *
   417       H(ATOM    417  HB3 LYS A  29)   17.47400000  *  -6.93800000  *  -5.72900000  *
   418       H(ATOM    418  HG2 LYS A  29)   16.60300000  *  -6.04000000  *  -7.68600000  *
   419       H(ATOM    419  HG3 LYS A  29)   17.69600000  *  -4.66900000  *  -7.71600000  *
   420       H(ATOM    420  HD2 LYS A  29)   18.65100000  *  -7.53300000  *  -8.06800000  *
   421       H(ATOM    421  HD3 LYS A  29)   18.15700000  *  -6.51800000  *  -9.42300000  *
   422       H(ATOM    422  HE2 LYS A  29)   20.39000000  *  -5.84000000  *  -7.43200000  *
   423       H(ATOM    423  HE3 LYS A  29)   20.64400000  *  -6.54600000  *  -9.04000000  *
   424       H(ATOM    424  HZ1 LYS A  29)   19.41300000  *  -3.91100000  *  -8.47400000  *
   425       H(ATOM    425  HZ2 LYS A  29)   19.62000000  *  -4.55800000  *  -9.98300000  *
   426       H(ATOM    426  HZ3 LYS A  29)   20.93000000  *  -4.15700000  *  -9.06200000  *
   427       N(ATOM    427  N   CYS A  30)   15.40500000  *  -5.76500000  *  -4.08000000  *
   428       C(ATOM    428  CA  CYS A  30)   14.64700000  *  -6.55100000  *  -3.12500000  *
   429       C(ATOM    429  C   CYS A  30)   15.04700000  *  -8.03700000  *  -3.21500000  *
   430       O(ATOM    430  O   CYS A  30)   15.49200000  *  -8.52100000  *  -4.26200000  *
   431       C(ATOM    431  CB  CYS A  30)   13.14700000  *  -6.30600000  *  -3.33900000  *
   432       S(ATOM    432  SG  CYS A  30)   12.17500000  *  -6.62800000  *  -1.84800000  *
   433       H(ATOM    433  H   CYS A  30)   15.00400000  *  -5.64900000  *  -5.00300000  *
   434       H(ATOM    434  HA  CYS A  30)   14.89200000  *  -6.19900000  *  -2.12400000  *
   435       H(ATOM    435  HB2 CYS A  30)   12.97800000  *  -5.27200000  *  -3.64100000  *
   436       H(ATOM    436  HB3 CYS A  30)   12.79200000  *  -6.95200000  *  -4.14300000  *
   437       N(ATOM    437  N   LEU A  31)   15.00700000  *  -8.71800000  *  -2.07500000  *
   438       C(ATOM    438  CA  LEU A  31)   15.19400000  * -10.15900000  *  -1.92300000  *
   439       C(ATOM    439  C   LEU A  31)   14.39100000  * -10.66100000  *  -0.70600000  *
   440       O(ATOM    440  O   LEU A  31)   13.86000000  *  -9.87400000  *   0.08300000  *
   441       C(ATOM    441  CB  LEU A  31)   16.69400000  * -10.55400000  *  -1.86500000  *
   442       C(ATOM    442  CG  LEU A  31)   17.67000000  *  -9.56700000  *  -1.18400000  *
   443       C(ATOM    443  CD1 LEU A  31)   18.69200000  * -10.29700000  *  -0.30800000  *
   444       C(ATOM    444  CD2 LEU A  31)   18.46300000  *  -8.78400000  *  -2.23800000  *
   445       H(ATOM    445  H   LEU A  31)   14.74600000  *  -8.21600000  *  -1.23500000  *
   446       H(ATOM    446  HA  LEU A  31)   14.75300000  * -10.65000000  *  -2.79700000  *
   447       H(ATOM    447  HB2 LEU A  31)   16.76700000  * -11.52600000  *  -1.37200000  *
   448       H(ATOM    448  HB3 LEU A  31)   17.02500000  * -10.71900000  *  -2.89300000  *
   449       H(ATOM    449  HG  LEU A  31)   17.12700000  *  -8.87900000  *  -0.54700000  *
   450       H(ATOM    450 HD11 LEU A  31)   18.16200000  * -10.91300000  *   0.42200000  *
   451       H(ATOM    451 HD12 LEU A  31)   19.29600000  *  -9.56600000  *   0.22500000  *
   452       H(ATOM    452 HD13 LEU A  31)   19.34000000  * -10.93500000  *  -0.91600000  *
   453       H(ATOM    453 HD21 LEU A  31)   17.77900000  *  -8.26400000  *  -2.90800000  *
   454       H(ATOM    454 HD22 LEU A  31)   19.08800000  *  -9.45900000  *  -2.83200000  *
   455       H(ATOM    455 HD23 LEU A  31)   19.08400000  *  -8.04000000  *  -1.75000000  *
   456       N(ATOM    456  N   VAL A  32)   14.25500000  * -11.98600000  *  -0.58500000  *
   457       C(ATOM    457  CA  VAL A  32)   13.69000000  * -12.65800000  *   0.59800000  *
   458       C(ATOM    458  C   VAL A  32)   14.53200000  * -12.35000000  *   1.85300000  *
   459       O(ATOM    459  O   VAL A  32)   15.73600000  * -12.08900000  *   1.75100000  *
   460       C(ATOM    460  CB  VAL A  32)   13.51800000  * -14.16300000  *   0.30500000  *
   461       C(ATOM    461  CG1 VAL A  32)   14.84700000  * -14.90900000  *   0.10700000  *
   462       C(ATOM    462  CG2 VAL A  32)   12.70600000  * -14.86800000  *   1.39500000  *
   463       H(ATOM    463  H   VAL A  32)   14.71400000  * -12.56400000  *  -1.27000000  *
   464       H(ATOM    464  HA  VAL A  32)   12.69800000  * -12.23500000  *   0.77300000  *
   465       H(ATOM    465  HB  VAL A  32)   12.94100000  * -14.24600000  *  -0.61100000  *
   466       H(ATOM    466 HG11 VAL A  32)   15.35200000  * -15.03100000  *   1.07200000  *
   467       H(ATOM    467 HG12 VAL A  32)   14.63000000  * -15.88900000  *  -0.32000000  *
   468       H(ATOM    468 HG13 VAL A  32)   15.49700000  * -14.35900000  *  -0.57700000  *
   469       H(ATOM    469 HG21 VAL A  32)   11.72400000  * -14.39600000  *   1.50700000  *
   470       H(ATOM    470 HG22 VAL A  32)   12.55400000  * -15.91500000  *   1.11600000  *
   471       H(ATOM    471 HG23 VAL A  32)   13.23100000  * -14.84300000  *   2.35700000  *
   472       N(ATOM    472  N   ARG A  33)   13.85100000  * -12.15100000  *   2.98800000  *
   473       C(ATOM    473  CA  ARG A  33)   14.42100000  * -11.59300000  *   4.22300000  *
   474       C(ATOM    474  C   ARG A  33)   15.20200000  * -12.60800000  *   5.06300000  *
   475       O(ATOM    475  O   ARG A  33)   14.47800000  * -13.45800000  *   5.62600000  *
   476       C(ATOM    476  CB  ARG A  33)   13.30500000  * -10.88100000  *   5.00900000  *
   477       C(ATOM    477  CG  ARG A  33)   13.73200000  * -10.50300000  *   6.43300000  *
   478       C(ATOM    478  CD  ARG A  33)   12.60700000  *  -9.82300000  *   7.21100000  *
   479       N(ATOM    479  NE  ARG A  33)   12.73500000  * -10.15700000  *   8.64000000  *
   480       C(ATOM    480  CZ  ARG A  33)   11.95100000  *  -9.78300000  *   9.62500000  *
   481       N(ATOM    481  NH1 ARG A  33)   11.00000000  *  -8.91000000  *   9.45300000  *
   482       N(ATOM    482  NH2 ARG A  33)   12.11300000  * -10.28700000  *  10.81300000  *
   483       H(ATOM    483  H   ARG A  33)   12.86100000  * -12.37200000  *   2.99800000  *
   484       H(ATOM    484  HA  ARG A  33)   15.17300000  * -10.86200000  *   3.94600000  *
   485       H(ATOM    485  HB2 ARG A  33)   13.02100000  *  -9.98700000  *   4.46300000  *
   486       H(ATOM    486  HB3 ARG A  33)   12.44500000  * -11.54800000  *   5.07900000  *
   487       H(ATOM    487  HG2 ARG A  33)   13.99000000  * -11.41100000  *   6.97800000  *
   488       H(ATOM    488  HG3 ARG A  33)   14.60800000  *  -9.85300000  *   6.40800000  *
   489       H(ATOM    489  HD2 ARG A  33)   12.66400000  *  -8.74400000  *   7.05400000  *
   490       H(ATOM    490  HD3 ARG A  33)   11.64500000  * -10.19200000  *   6.84700000  *
   491       H(ATOM    491  HE  ARG A  33)   13.42200000  * -10.86900000  *   8.84300000  *
   492       H(ATOM    492 HH11 ARG A  33)   10.85200000  *  -8.55400000  *   8.52700000  *
   493       H(ATOM    493 HH12 ARG A  33)   10.39600000  *  -8.65600000  *  10.21100000  *
   494       H(ATOM    494 HH21 ARG A  33)   12.80600000  * -11.00400000  *  10.95100000  *
   495       H(ATOM    495 HH22 ARG A  33)   11.49800000  * -10.03700000  *  11.56400000  *
   496       O(ATOM    496  OXT ARG A  33)   16.20000000  * -12.07100000  *   5.59700000  *

                             CARTESIAN COORDINATES

   1    N        1.552000000     0.470000000    -2.640000000
   2    C        2.122000000     0.067000000    -1.344000000
   3    C        3.498000000    -0.536000000    -1.478000000
   4    O        4.465000000     0.212000000    -1.468000000
   5    C        1.082000000    -0.729000000    -0.535000000
   6    C       -0.213000000     0.098000000    -0.509000000
   7    O       -0.906000000    -0.167000000    -1.514000000
   8    O        0.021000000     1.298000000    -0.213000000
   9    H        0.607000000     0.816000000    -2.443000000
  10    H        2.293000000     0.982000000    -0.779000000
  11    H        0.898000000    -1.685000000    -1.038000000
  12    H        1.464000000    -0.940000000     0.463000000
  13    H        2.101000000     1.203000000    -3.057000000
  14    H        1.464000000    -0.320000000    -3.263000000
  15    N        3.600000000    -1.835000000    -1.686000000
  16    C        4.880000000    -2.541000000    -1.828000000
  17    C        5.200000000    -2.916000000    -3.286000000
  18    O        4.299000000    -2.964000000    -4.123000000
  19    C        4.831000000    -3.774000000    -0.925000000
  20    S        3.723000000    -5.098000000    -1.489000000
  21    H        2.769000000    -2.414000000    -1.756000000
  22    H        5.683000000    -1.895000000    -1.468000000
  23    H        5.838000000    -4.174000000    -0.888000000
  24    H        4.543000000    -3.468000000     0.082000000
  25    N        6.460000000    -3.271000000    -3.533000000
  26    C        6.940000000    -3.992000000    -4.714000000
  27    C        7.308000000    -5.461000000    -4.430000000
  28    O        7.226000000    -5.944000000    -3.292000000
  29    H        7.151000000    -3.136000000    -2.808000000
  30    H        6.183000000    -3.973000000    -5.500000000
  31    H        7.827000000    -3.490000000    -5.101000000
  32    N        7.643000000    -6.176000000    -5.502000000
  33    C        7.824000000    -7.625000000    -5.599000000
  34    C        9.086000000    -8.166000000    -4.892000000
  35    O       10.012000000    -7.435000000    -4.542000000
  36    C        7.867000000    -8.016000000    -7.089000000
  37    C        6.832000000    -7.369000000    -7.976000000
  38    N        7.102000000    -6.557000000    -9.045000000
  39    C        5.467000000    -7.503000000    -7.909000000
  40    C        5.942000000    -6.190000000    -9.602000000
  41    N        4.907000000    -6.755000000    -8.952000000
  42    H        7.744000000    -5.646000000    -6.370000000
  43    H        6.956000000    -8.102000000    -5.140000000
  44    H        8.849000000    -7.741000000    -7.480000000
  45    H        7.768000000    -9.098000000    -7.181000000
  46    H        8.024000000    -6.126000000    -9.224000000
  47    H        4.926000000    -8.074000000    -7.169000000
  48    H        5.840000000    -5.510000000   -10.439000000
  49    N        9.233000000    -9.501000000    -4.893000000
  50    C       10.394000000   -10.243000000    -4.344000000
  51    C       11.756000000    -9.793000000    -4.914000000
  52    O       12.694000000    -9.637000000    -4.141000000
  53    C       10.150000000   -11.760000000    -4.529000000
  54    C       11.357000000   -12.697000000    -4.338000000
  55    C       11.991000000   -12.635000000    -2.950000000
  56    C       10.920000000   -14.148000000    -4.559000000
  57    H        8.474000000   -10.058000000    -5.259000000
  58    H       10.450000000   -10.045000000    -3.272000000
  59    H        9.347000000   -12.054000000    -3.846000000
  60    H        9.788000000   -11.907000000    -5.549000000
  61    H       12.107000000   -12.412000000    -5.055000000
  62    H       11.276000000   -12.965000000    -2.185000000
  63    H       12.336000000   -11.624000000    -2.701000000
  64    H       12.855000000   -13.308000000    -2.930000000
  65    H       10.317000000   -14.201000000    -5.462000000
  66    H       10.342000000   -14.528000000    -3.705000000
  67    H       11.817000000   -14.745000000    -4.691000000
  68    N       11.875000000    -9.606000000    -6.232000000
  69    C       13.142000000    -9.251000000    -6.898000000
  70    C       13.181000000    -7.815000000    -7.466000000
  71    O       14.049000000    -7.498000000    -8.281000000
  72    C       13.504000000   -10.331000000    -7.937000000
  73    C       13.758000000   -11.694000000    -7.340000000
  74    N       14.668000000   -11.981000000    -6.347000000
  75    C       13.128000000   -12.868000000    -7.660000000
  76    C       14.600000000   -13.297000000    -6.087000000
  77    N       13.673000000   -13.880000000    -6.862000000
  78    H       11.064000000    -9.762000000    -6.809000000
  79    H       13.939000000    -9.265000000    -6.154000000
  80    H       12.703000000   -10.401000000    -8.675000000
  81    H       14.413000000   -10.034000000    -8.461000000
  82    H       15.245000000   -11.306000000    -5.866000000
  83    H       12.349000000   -12.995000000    -8.398000000
  84    H       15.190000000   -13.819000000    -5.345000000
  85    N       12.251000000    -6.946000000    -7.056000000
  86    C       12.137000000    -5.570000000    -7.565000000
  87    C       13.370000000    -4.687000000    -7.280000000
  88    O       14.096000000    -4.901000000    -6.310000000
  89    C       10.881000000    -4.893000000    -6.977000000
  90    C        9.655000000    -4.938000000    -7.883000000
  91    O        9.697000000    -5.560000000    -8.970000000
  92    O        8.605000000    -4.431000000    -7.437000000
  93    H       11.584000000    -7.244000000    -6.356000000
  94    H       12.039000000    -5.631000000    -8.648000000
  95    H       10.639000000    -5.348000000    -6.016000000
  96    H       11.091000000    -3.841000000    -6.777000000
  97    N       13.561000000    -3.584000000    -8.027000000
  98    C       14.488000000    -2.528000000    -7.631000000
  99    C       13.977000000    -1.787000000    -6.378000000
 100    O       12.812000000    -1.405000000    -6.302000000
 101    C       14.572000000    -1.620000000    -8.862000000
 102    C       13.172000000    -1.727000000    -9.470000000
 103    C       12.795000000    -3.184000000    -9.201000000
 104    H       15.470000000    -2.953000000    -7.424000000
 105    H       14.830000000    -0.594000000    -8.610000000
 106    H       15.300000000    -2.031000000    -9.563000000
 107    H       12.485000000    -1.067000000    -8.938000000
 108    H       13.171000000    -1.500000000   -10.536000000
 109    H       11.720000000    -3.257000000    -9.031000000
 110    H       13.079000000    -3.806000000   -10.052000000
 111    N       14.891000000    -1.392000000    -5.486000000
 112    C       14.578000000    -0.596000000    -4.287000000
 113    C       15.406000000     0.707000000    -4.201000000
 114    O       16.229000000     0.861000000    -3.301000000
 115    C       14.667000000    -1.498000000    -3.043000000
 116    S       16.221000000    -2.411000000    -2.838000000
 117    H       15.840000000    -1.711000000    -5.599000000
 118    H       13.543000000    -0.264000000    -4.345000000
 119    H       14.497000000    -0.884000000    -2.157000000
 120    H       13.855000000    -2.225000000    -3.091000000
 121    N       15.252000000     1.648000000    -5.158000000
 122    C       16.021000000     2.898000000    -5.181000000
 123    C       15.565000000     3.909000000    -4.118000000
 124    O       16.362000000     4.721000000    -3.668000000
 125    C       15.810000000     3.457000000    -6.591000000
 126    C       14.400000000     2.985000000    -6.947000000
 127    C       14.326000000     1.610000000    -6.284000000
 128    H       17.080000000     2.695000000    -5.022000000
 129    H       15.896000000     4.544000000    -6.622000000
 130    H       16.531000000     3.000000000    -7.272000000
 131    H       13.661000000     3.652000000    -6.502000000
 132    H       14.256000000     2.920000000    -8.026000000
 133    H       13.306000000     1.396000000    -5.962000000
 134    H       14.660000000     0.858000000    -6.996000000
 135    N       14.298000000     3.842000000    -3.697000000
 136    C       13.730000000     4.660000000    -2.622000000
 137    C       13.673000000     3.891000000    -1.284000000
 138    O       12.692000000     4.022000000    -0.551000000
 139    C       12.370000000     5.236000000    -3.076000000
 140    C       12.540000000     6.333000000    -4.105000000
 141    O       12.905000000     7.449000000    -3.790000000
 142    N       12.231000000     6.086000000    -5.355000000
 143    H       13.723000000     3.106000000    -4.069000000
 144    H       14.394000000     5.508000000    -2.433000000
 145    H       11.730000000     4.441000000    -3.455000000
 146    H       11.868000000     5.690000000    -2.222000000
 147    H       11.856000000     5.201000000    -5.632000000
 148    H       12.335000000     6.865000000    -5.983000000
 149    N       14.627000000     2.988000000    -1.014000000
 150    C       14.657000000     2.323000000     0.291000000
 151    C       15.035000000     3.312000000     1.397000000
 152    O       16.020000000     4.047000000     1.304000000
 153    C       15.581000000     1.096000000     0.329000000
 154    C       15.056000000     0.082000000     1.349000000
 155    O       13.855000000    -0.257000000     1.255000000
 156    O       15.821000000    -0.373000000     2.228000000
 157    H       15.446000000     2.939000000    -1.603000000
 158    H       13.637000000     1.988000000     0.485000000
 159    H       15.585000000     0.611000000    -0.644000000
 160    H       16.600000000     1.388000000     0.587000000
 161    N       14.248000000     3.324000000     2.473000000
 162    C       14.421000000     4.243000000     3.603000000
 163    C       13.895000000     3.611000000     4.893000000
 164    O       12.920000000     2.853000000     4.847000000
 165    C       13.765000000     5.606000000     3.286000000
 166    C       12.293000000     5.487000000     2.861000000
 167    C       11.607000000     6.835000000     2.632000000
 168    N       11.229000000     7.481000000     3.906000000
 169    C       10.339000000     8.447000000     4.053000000
 170    N        9.742000000     9.000000000     3.035000000
 171    N       10.022000000     8.872000000     5.243000000
 172    H       13.439000000     2.714000000     2.475000000
 173    H       15.493000000     4.406000000     3.722000000
 174    H       13.838000000     6.253000000     4.159000000
 175    H       14.319000000     6.076000000     2.471000000
 176    H       12.242000000     4.935000000     1.924000000
 177    H       11.740000000     4.940000000     3.623000000
 178    H       12.268000000     7.484000000     2.052000000
 179    H       10.707000000     6.644000000     2.043000000
 180    H       11.632000000     7.093000000     4.743000000
 181    H        9.982000000     8.688000000     2.110000000
 182    H        9.058000000     9.723000000     3.162000000
 183    H       10.455000000     8.469000000     6.055000000
 184    H        9.325000000     9.587000000     5.353000000
 185    N       14.461000000     3.953000000     6.065000000
 186    C       13.935000000     3.479000000     7.338000000
 187    C       12.454000000     3.874000000     7.508000000
 188    O       12.023000000     4.955000000     7.090000000
 189    C       14.856000000     4.065000000     8.414000000
 190    C       15.477000000     5.291000000     7.743000000
 191    C       15.578000000     4.864000000     6.280000000
 192    H       14.015000000     2.391000000     7.368000000
 193    H       14.317000000     4.335000000     9.323000000
 194    H       15.645000000     3.346000000     8.641000000
 195    H       14.800000000     6.142000000     7.831000000
 196    H       16.455000000     5.532000000     8.161000000
 197    H       15.527000000     5.743000000     5.636000000
 198    H       16.516000000     4.332000000     6.112000000
 199    N       11.656000000     2.914000000     7.974000000
 200    C       10.195000000     3.015000000     8.117000000
 201    C        9.366000000     2.796000000     6.840000000
 202    O        8.282000000     2.230000000     6.943000000
 203    H       12.081000000     2.034000000     8.229000000
 204    H        9.867000000     2.282000000     8.852000000
 205    H        9.948000000     4.006000000     8.500000000
 206    N        9.912000000     3.032000000     5.642000000
 207    C        9.184000000     2.892000000     4.368000000
 208    C       10.061000000     2.257000000     3.280000000
 209    O       10.632000000     2.945000000     2.438000000
 210    C        8.616000000     4.253000000     3.925000000
 211    C        7.479000000     4.760000000     4.774000000
 212    N        6.182000000     4.298000000     4.760000000
 213    C        7.546000000     5.737000000     5.729000000
 214    C        5.483000000     4.995000000     5.671000000
 215    N        6.274000000     5.894000000     6.281000000
 216    H       10.863000000     3.380000000     5.602000000
 217    H        8.336000000     2.220000000     4.508000000
 218    H        9.412000000     4.996000000     3.921000000
 219    H        8.244000000     4.160000000     2.903000000
 220    H        5.816000000     3.553000000     4.186000000
 221    H        8.429000000     6.289000000     6.012000000
 222    H        4.430000000     4.856000000     5.886000000
 223    N       10.162000000     0.925000000     3.298000000
 224    C       10.854000000     0.148000000     2.259000000
 225    C        9.929000000    -0.124000000     1.075000000
 226    O        8.787000000    -0.514000000     1.290000000
 227    C       11.427000000    -1.149000000     2.862000000
 228    C       12.438000000    -0.815000000     3.979000000
 229    C       13.647000000    -1.756000000     4.027000000
 230    N       13.365000000    -3.061000000     4.657000000
 231    C       14.286000000    -3.965000000     4.931000000
 232    N       15.536000000    -3.798000000     4.596000000
 233    N       13.965000000    -5.079000000     5.525000000
 234    H        9.596000000     0.423000000     3.965000000
 235    H       11.685000000     0.740000000     1.870000000
 236    H       10.621000000    -1.767000000     3.262000000
 237    H       11.922000000    -1.712000000     2.069000000
 238    H       12.839000000     0.185000000     3.802000000
 239    H       11.929000000    -0.804000000     4.944000000
 240    H       14.009000000    -1.918000000     3.011000000
 241    H       14.434000000    -1.247000000     4.589000000
 242    H       12.410000000    -3.245000000     4.916000000
 243    H       15.781000000    -2.949000000     4.100000000
 244    H       16.242000000    -4.476000000     4.816000000
 245    H       12.993000000    -5.292000000     5.675000000
 246    H       14.673000000    -5.759000000     5.733000000
 247    N       10.458000000    -0.138000000    -0.150000000
 248    C        9.685000000    -0.526000000    -1.356000000
 249    C        9.468000000    -2.046000000    -1.485000000
 250    O        8.982000000    -2.509000000    -2.510000000
 251    C       10.299000000     0.040000000    -2.652000000
 252    O       11.512000000    -0.605000000    -2.948000000
 253    C       10.585000000     1.542000000    -2.591000000
 254    H       11.429000000     0.123000000    -0.265000000
 255    H        8.690000000    -0.090000000    -1.266000000
 256    H        9.604000000    -0.136000000    -3.473000000
 257    H       11.292000000    -1.359000000    -3.510000000
 258    H       11.368000000     1.755000000    -1.863000000
 259    H        9.676000000     2.077000000    -2.316000000
 260    H       10.912000000     1.883000000    -3.574000000
 261    N        9.833000000    -2.834000000    -0.473000000
 262    C        9.665000000    -4.289000000    -0.408000000
 263    C        8.406000000    -4.674000000     0.391000000
 264    O        8.133000000    -4.075000000     1.430000000
 265    C       10.902000000    -4.875000000     0.280000000
 266    S       12.429000000    -4.967000000    -0.691000000
 267    H       10.077000000    -2.369000000     0.386000000
 268    H        9.584000000    -4.708000000    -1.414000000
 269    H       11.100000000    -4.286000000     1.176000000
 270    H       10.668000000    -5.881000000     0.613000000
 271    N        7.724000000    -5.755000000    -0.001000000
 272    C        6.552000000    -6.277000000     0.719000000
 273    C        6.872000000    -7.108000000     1.989000000
 274    O        8.014000000    -7.200000000     2.444000000
 275    C        5.656000000    -7.051000000    -0.266000000
 276    S        3.920000000    -6.570000000    -0.094000000
 277    H        7.962000000    -6.176000000    -0.890000000
 278    H        5.981000000    -5.417000000     1.069000000
 279    H        5.957000000    -6.848000000    -1.295000000
 280    H        5.758000000    -8.125000000    -0.099000000
 281    N        5.839000000    -7.713000000     2.593000000
 282    C        5.985000000    -8.646000000     3.723000000
 283    C        6.885000000    -9.841000000     3.353000000
 284    O        6.840000000   -10.335000000     2.232000000
 285    C        4.597000000    -9.086000000     4.254000000
 286    C        4.749000000    -9.818000000     5.608000000
 287    C        3.827000000    -9.949000000     3.235000000
 288    C        3.422000000   -10.094000000     6.327000000
 289    H        4.932000000    -7.646000000     2.153000000
 290    H        6.483000000    -8.094000000     4.521000000
 291    H        4.014000000    -8.181000000     4.432000000
 292    H        5.261000000   -10.770000000     5.461000000
 293    H        5.357000000    -9.200000000     6.270000000
 294    H        4.325000000   -10.910000000     3.090000000
 295    H        2.811000000   -10.133000000     3.584000000
 296    H        3.763000000    -9.441000000     2.273000000
 297    H        2.835000000   -10.825000000     5.772000000
 298    H        3.629000000   -10.501000000     7.318000000
 299    H        2.854000000    -9.170000000     6.433000000
 300    N        7.737000000   -10.281000000     4.286000000
 301    C        8.712000000   -11.360000000     4.053000000
 302    C        9.957000000   -10.953000000     3.248000000
 303    O       10.807000000   -11.803000000     2.986000000
 304    H        7.719000000    -9.843000000     5.191000000
 305    H        9.049000000   -11.753000000     5.011000000
 306    H        8.222000000   -12.170000000     3.510000000
 307    N       10.107000000    -9.667000000     2.909000000
 308    C       11.139000000    -9.177000000     1.992000000
 309    C       12.062000000    -8.104000000     2.607000000
 310    O       11.825000000    -7.548000000     3.687000000
 311    C       10.465000000    -8.675000000     0.702000000
 312    C        9.557000000    -9.670000000    -0.041000000
 313    C        8.907000000    -8.978000000    -1.238000000
 314    C       10.350000000   -10.867000000    -0.546000000
 315    H        9.350000000    -9.028000000     3.113000000
 316    H       11.794000000   -10.004000000     1.714000000
 317    H        9.869000000    -7.801000000     0.947000000
 318    H       11.249000000    -8.366000000     0.017000000
 319    H        8.769000000   -10.024000000     0.615000000
 320    H        8.299000000    -9.692000000    -1.793000000
 321    H        9.671000000    -8.553000000    -1.890000000
 322    H        8.260000000    -8.181000000    -0.890000000
 323    H       11.205000000   -10.518000000    -1.124000000
 324    H        9.710000000   -11.498000000    -1.162000000
 325    H       10.699000000   -11.458000000     0.297000000
 326    N       13.166000000    -7.841000000     1.909000000
 327    C       14.287000000    -7.017000000     2.350000000
 328    C       15.011000000    -6.405000000     1.139000000
 329    O       15.498000000    -7.128000000     0.280000000
 330    C       15.215000000    -7.913000000     3.199000000
 331    C       16.649000000    -7.385000000     3.356000000
 332    C       17.344000000    -7.858000000     4.630000000
 333    O       17.850000000    -7.042000000     5.391000000
 334    N       17.286000000    -9.127000000     4.970000000
 335    H       13.329000000    -8.417000000     1.084000000
 336    H       13.912000000    -6.204000000     2.968000000
 337    H       14.760000000    -8.022000000     4.184000000
 338    H       15.277000000    -8.903000000     2.742000000
 339    H       17.230000000    -7.711000000     2.494000000
 340    H       16.634000000    -6.296000000     3.377000000
 341    H       16.874000000    -9.842000000     4.380000000
 342    H       17.669000000    -9.429000000     5.851000000
 343    N       15.258000000    -5.093000000     1.162000000
 344    C       16.196000000    -4.452000000     0.238000000
 345    C       17.656000000    -4.666000000     0.688000000
 346    O       17.990000000    -4.401000000     1.849000000
 347    C       15.852000000    -2.963000000     0.138000000
 348    S       16.897000000    -1.978000000    -0.970000000
 349    H       14.842000000    -4.520000000     1.876000000
 350    H       16.067000000    -4.888000000    -0.751000000
 351    H       14.813000000    -2.848000000    -0.175000000
 352    H       15.949000000    -2.537000000     1.135000000
 353    N       18.535000000    -5.068000000    -0.240000000
 354    C       20.014000000    -5.099000000    -0.144000000
 355    C       20.606000000    -5.032000000    -1.563000000
 356    O       19.913000000    -5.303000000    -2.530000000
 357    C       20.511000000    -6.388000000     0.550000000
 358    C       20.287000000    -6.537000000     2.062000000
 359    C       20.953000000    -5.422000000     2.877000000
 360    N       20.971000000    -5.752000000     4.316000000
 361    C       21.851000000    -5.327000000     5.205000000
 362    N       22.730000000    -4.402000000     4.929000000
 363    N       21.872000000    -5.833000000     6.404000000
 364    H       18.146000000    -5.272000000    -1.164000000
 365    H       20.356000000    -4.220000000     0.401000000
 366    H       20.046000000    -7.243000000     0.064000000
 367    H       21.586000000    -6.467000000     0.388000000
 368    H       19.223000000    -6.569000000     2.280000000
 369    H       20.717000000    -7.494000000     2.363000000
 370    H       21.977000000    -5.305000000     2.515000000
 371    H       20.410000000    -4.488000000     2.722000000
 372    H       20.261000000    -6.395000000     4.641000000
 373    H       22.687000000    -3.958000000     4.030000000
 374    H       23.378000000    -4.082000000     5.624000000
 375    H       21.235000000    -6.576000000     6.638000000
 376    H       22.575000000    -5.550000000     7.061000000
 377    N       21.882000000    -4.679000000    -1.731000000
 378    C       22.563000000    -4.735000000    -3.048000000
 379    C       21.869000000    -3.935000000    -4.189000000
 380    O       21.989000000    -4.276000000    -5.367000000
 381    C       22.830000000    -6.205000000    -3.446000000
 382    C       23.255000000    -7.129000000    -2.315000000
 383    C       24.567000000    -7.078000000    -1.801000000
 384    C       22.327000000    -8.040000000    -1.773000000
 385    C       24.945000000    -7.930000000    -0.744000000
 386    C       22.694000000    -8.877000000    -0.704000000
 387    C       24.005000000    -8.828000000    -0.191000000
 388    O       24.353000000    -9.649000000     0.832000000
 389    H       22.451000000    -4.553000000    -0.912000000
 390    H       23.539000000    -4.268000000    -2.913000000
 391    H       21.919000000    -6.611000000    -3.892000000
 392    H       23.597000000    -6.226000000    -4.221000000
 393    H       25.290000000    -6.400000000    -2.234000000
 394    H       21.328000000    -8.098000000    -2.183000000
 395    H       25.953000000    -7.902000000    -0.356000000
 396    H       21.990000000    -9.581000000    -0.283000000
 397    H       25.266000000    -9.935000000     0.768000000
 398    N       21.054000000    -2.926000000    -3.846000000
 399    C       20.226000000    -2.175000000    -4.801000000
 400    C       19.044000000    -2.957000000    -5.404000000
 401    O       18.693000000    -2.710000000    -6.562000000
 402    H       20.951000000    -2.712000000    -2.867000000
 403    H       19.818000000    -1.303000000    -4.289000000
 404    H       20.854000000    -1.824000000    -5.620000000
 405    N       18.536000000    -3.984000000    -4.709000000
 406    C       17.413000000    -4.854000000    -5.111000000
 407    C       16.673000000    -5.433000000    -3.899000000
 408    O       17.219000000    -5.536000000    -2.804000000
 409    C       17.942000000    -5.990000000    -6.006000000
 410    C       17.632000000    -5.731000000    -7.490000000
 411    C       18.583000000    -6.502000000    -8.418000000
 412    C       19.995000000    -5.889000000    -8.453000000
 413    N       19.990000000    -4.528000000    -9.041000000
 414    H       18.960000000    -4.212000000    -3.812000000
 415    H       16.675000000    -4.271000000    -5.664000000
 416    H       19.016000000    -6.105000000    -5.846000000
 417    H       17.474000000    -6.938000000    -5.729000000
 418    H       16.603000000    -6.040000000    -7.686000000
 419    H       17.696000000    -4.669000000    -7.716000000
 420    H       18.651000000    -7.533000000    -8.068000000
 421    H       18.157000000    -6.518000000    -9.423000000
 422    H       20.390000000    -5.840000000    -7.432000000
 423    H       20.644000000    -6.546000000    -9.040000000
 424    H       19.413000000    -3.911000000    -8.474000000
 425    H       19.620000000    -4.558000000    -9.983000000
 426    H       20.930000000    -4.157000000    -9.062000000
 427    N       15.405000000    -5.765000000    -4.080000000
 428    C       14.647000000    -6.551000000    -3.125000000
 429    C       15.047000000    -8.037000000    -3.215000000
 430    O       15.492000000    -8.521000000    -4.262000000
 431    C       13.147000000    -6.306000000    -3.339000000
 432    S       12.175000000    -6.628000000    -1.848000000
 433    H       15.004000000    -5.649000000    -5.003000000
 434    H       14.892000000    -6.199000000    -2.124000000
 435    H       12.978000000    -5.272000000    -3.641000000
 436    H       12.792000000    -6.952000000    -4.143000000
 437    N       15.007000000    -8.718000000    -2.075000000
 438    C       15.194000000   -10.159000000    -1.923000000
 439    C       14.391000000   -10.661000000    -0.706000000
 440    O       13.860000000    -9.874000000     0.083000000
 441    C       16.694000000   -10.554000000    -1.865000000
 442    C       17.670000000    -9.567000000    -1.184000000
 443    C       18.692000000   -10.297000000    -0.308000000
 444    C       18.463000000    -8.784000000    -2.238000000
 445    H       14.746000000    -8.216000000    -1.235000000
 446    H       14.753000000   -10.650000000    -2.797000000
 447    H       16.767000000   -11.526000000    -1.372000000
 448    H       17.025000000   -10.719000000    -2.893000000
 449    H       17.127000000    -8.879000000    -0.547000000
 450    H       18.162000000   -10.913000000     0.422000000
 451    H       19.296000000    -9.566000000     0.225000000
 452    H       19.340000000   -10.935000000    -0.916000000
 453    H       17.779000000    -8.264000000    -2.908000000
 454    H       19.088000000    -9.459000000    -2.832000000
 455    H       19.084000000    -8.040000000    -1.750000000
 456    N       14.255000000   -11.986000000    -0.585000000
 457    C       13.690000000   -12.658000000     0.598000000
 458    C       14.532000000   -12.350000000     1.853000000
 459    O       15.736000000   -12.089000000     1.751000000
 460    C       13.518000000   -14.163000000     0.305000000
 461    C       14.847000000   -14.909000000     0.107000000
 462    C       12.706000000   -14.868000000     1.395000000
 463    H       14.714000000   -12.564000000    -1.270000000
 464    H       12.698000000   -12.235000000     0.773000000
 465    H       12.941000000   -14.246000000    -0.611000000
 466    H       15.352000000   -15.031000000     1.072000000
 467    H       14.630000000   -15.889000000    -0.320000000
 468    H       15.497000000   -14.359000000    -0.577000000
 469    H       11.724000000   -14.396000000     1.507000000
 470    H       12.554000000   -15.915000000     1.116000000
 471    H       13.231000000   -14.843000000     2.357000000
 472    N       13.851000000   -12.151000000     2.988000000
 473    C       14.421000000   -11.593000000     4.223000000
 474    C       15.202000000   -12.608000000     5.063000000
 475    O       14.478000000   -13.458000000     5.626000000
 476    C       13.305000000   -10.881000000     5.009000000
 477    C       13.732000000   -10.503000000     6.433000000
 478    C       12.607000000    -9.823000000     7.211000000
 479    N       12.735000000   -10.157000000     8.640000000
 480    C       11.951000000    -9.783000000     9.625000000
 481    N       11.000000000    -8.910000000     9.453000000
 482    N       12.113000000   -10.287000000    10.813000000
 483    H       12.861000000   -12.372000000     2.998000000
 484    H       15.173000000   -10.862000000     3.946000000
 485    H       13.021000000    -9.987000000     4.463000000
 486    H       12.445000000   -11.548000000     5.079000000
 487    H       13.990000000   -11.411000000     6.978000000
 488    H       14.608000000    -9.853000000     6.408000000
 489    H       12.664000000    -8.744000000     7.054000000
 490    H       11.645000000   -10.192000000     6.847000000
 491    H       13.422000000   -10.869000000     8.843000000
 492    H       10.852000000    -8.554000000     8.527000000
 493    H       10.396000000    -8.656000000    10.211000000
 494    H       12.806000000   -11.004000000    10.951000000
 495    H       11.498000000   -10.037000000    11.564000000
 496    O       16.200000000   -12.071000000     5.597000000


           Empirical Formula: C152 H240 N54 O44 S6  =   496 atoms



      MOLECULAR POINT GROUP   :   C1  


                  EIGENVALUES  
 -41.68649 -41.61483 -41.11602 -41.06870 -39.65695 -37.71038 -37.69573 -37.65814
 -37.62719 -37.54777 -37.44066 -37.31121 -37.24081 -37.05300 -37.03749 -36.99908
 -36.94643 -36.94307 -36.90606 -36.87993 -36.81160 -36.80916 -36.76508 -36.58553
 -36.57356 -36.51480 -36.39643 -36.33979 -36.32691 -36.28052 -36.12741 -36.09526
 -36.05363 -36.03836 -35.94351 -35.93267 -35.92040 -35.82012 -35.74873 -35.71434
 -35.71306 -35.69209 -35.42663 -35.41245 -35.30675 -35.28219 -35.18046 -34.97473
 -34.89896 -34.59271 -34.55853 -34.54132 -34.35671 -34.25571 -34.23441 -34.10201
 -34.04754 -33.96025 -33.78468 -33.76638 -33.74897 -33.71528 -33.67510 -33.65251
 -33.51194 -33.43518 -33.38638 -33.35433 -33.28355 -33.24014 -33.20674 -33.16979
 -33.10153 -33.08245 -33.04450 -33.02404 -32.96985 -32.96476 -32.92582 -32.87316
 -32.83498 -32.82926 -32.77414 -32.73300 -32.63049 -32.61646 -32.58907 -32.54052
 -32.50403 -32.30500 -32.23471 -32.13569 -32.09028 -32.06838 -31.97359 -31.92535
 -31.86147 -31.77940 -31.75025 -31.71403 -31.64002 -31.62557 -31.58935 -31.56115
 -31.44334 -31.39759 -31.35710 -31.28835 -31.15379 -31.12284 -31.10052 -31.05974
 -31.02709 -30.93878 -30.74213 -30.70192 -30.66210 -30.58369 -30.50108 -30.46817
 -30.37052 -30.32464 -30.22800 -30.05679 -30.04336 -30.01687 -29.96254 -29.85019
 -29.76438 -29.69999 -29.66726 -29.63856 -29.51715 -29.46184 -29.41564 -29.33469
 -29.26177 -29.23771 -29.21884 -29.08196 -29.04518 -28.90982 -28.86561 -28.82368
 -28.77138 -28.64924 -28.49107 -28.45214 -28.36517 -28.21449 -28.17797 -28.01796
 -27.93693 -27.75270 -27.69467 -27.65074 -27.59750 -27.50952 -27.46239 -27.40994
 -27.22781 -27.12752 -27.02431 -26.98473 -26.96879 -26.76023 -26.57787 -26.51437
 -26.41101 -26.31824 -26.28321 -26.20805 -26.15683 -26.13843 -26.11064 -26.06075
 -26.02341 -26.00714 -25.91277 -25.86599 -25.80372 -25.61623 -25.60962 -25.51029
 -25.48729 -25.46235 -25.34111 -25.29525 -25.24349 -25.21971 -25.14712 -25.12218
 -25.10061 -25.08297 -25.01818 -24.92574 -24.78921 -24.76480 -24.70799 -24.64216
 -24.62300 -24.58552 -24.52672 -24.50062 -24.37305 -24.33606 -24.28044 -24.26063
 -24.21538 -24.13845 -24.10799 -24.01183 -23.99951 -23.97665 -23.93437 -23.91143
 -23.87297 -23.85846 -23.84635 -23.75531 -23.73264 -23.70847 -23.69948 -23.62224
 -23.60505 -23.59302 -23.55630 -23.48668 -23.47391 -23.44771 -23.42988 -23.40375
 -23.36592 -23.34063 -23.27786 -23.22910 -23.20956 -23.19177 -23.16033 -23.15343
 -23.10333 -23.06048 -22.97504 -22.95716 -22.86649 -22.84748 -22.71033 -22.62461
 -22.60283 -22.56046 -22.51575 -22.49292 -22.37914 -22.35248 -22.17407 -22.12631
 -22.07543 -22.02060 -21.99400 -21.94995 -21.94540 -21.93830 -21.89045 -21.87205
 -21.85327 -21.82177 -21.78842 -21.77497 -21.73626 -21.68276 -21.66852 -21.64636
 -21.53135 -21.50736 -21.46478 -21.45152 -21.42068 -21.39855 -21.39689 -21.32936
 -21.29206 -21.25336 -21.24991 -21.23598 -21.21073 -21.19049 -21.15060 -21.08772
 -21.05969 -21.01572 -20.99490 -20.96742 -20.95583 -20.90075 -20.85356 -20.75113
 -20.71944 -20.66687 -20.65355 -20.59110 -20.55043 -20.46483 -20.39318 -20.38569
 -20.32385 -20.31582 -20.28841 -20.25905 -20.23504 -20.17558 -20.17245 -20.09730
 -20.08159 -20.07729 -20.04357 -19.98199 -19.95272 -19.94794 -19.92238 -19.85808
 -19.80113 -19.79586 -19.78368 -19.76078 -19.73001 -19.71457 -19.68912 -19.67108
 -19.66396 -19.62402 -19.51793 -19.50000 -19.49462 -19.45808 -19.43506 -19.42467
 -19.38868 -19.32335 -19.30054 -19.26716 -19.24973 -19.22351 -19.14771 -19.13308
 -19.12010 -19.10697 -19.06755 -19.04464 -19.03412 -18.98753 -18.92988 -18.86724
 -18.85528 -18.82477 -18.81089 -18.80796 -18.77594 -18.75601 -18.75236 -18.71901
 -18.65837 -18.63621 -18.63084 -18.62281 -18.57622 -18.54155 -18.51073 -18.49815
 -18.48912 -18.45799 -18.41083 -18.40447 -18.35531 -18.31633 -18.29949 -18.26285
 -18.25238 -18.21676 -18.21055 -18.18371 -18.15591 -18.14365 -18.12147 -18.10056
 -18.06139 -18.05469 -18.04274 -18.01210 -18.00412 -17.94795 -17.93289 -17.89911
 -17.89248 -17.87018 -17.86357 -17.82175 -17.80806 -17.78423 -17.76487 -17.74932
 -17.73407 -17.71802 -17.69007 -17.65621 -17.65096 -17.61648 -17.58841 -17.57768
 -17.55152 -17.52775 -17.51766 -17.50184 -17.48085 -17.46570 -17.44992 -17.41740
 -17.40783 -17.39844 -17.38576 -17.36414 -17.34929 -17.33053 -17.29819 -17.29573
 -17.27229 -17.25495 -17.24509 -17.23587 -17.20226 -17.19116 -17.18021 -17.15223
 -17.11682 -17.10759 -17.08913 -17.06847 -17.05557 -17.02704 -17.01420 -17.00048
 -16.97187 -16.94686 -16.92236 -16.91007 -16.90188 -16.87553 -16.86469 -16.86381
 -16.84675 -16.82000 -16.80738 -16.79915 -16.78324 -16.76899 -16.76122 -16.75920
 -16.74224 -16.72277 -16.69090 -16.68232 -16.68003 -16.67011 -16.65085 -16.63010
 -16.59768 -16.58744 -16.57701 -16.55909 -16.54368 -16.52916 -16.51924 -16.51425
 -16.48727 -16.47191 -16.44273 -16.43653 -16.42703 -16.40396 -16.39733 -16.39492
 -16.36937 -16.33528 -16.30936 -16.30270 -16.28467 -16.27289 -16.23030 -16.22388
 -16.20615 -16.19461 -16.18242 -16.17127 -16.14855 -16.13055 -16.08132 -16.06896
 -16.04343 -16.03071 -16.02500 -16.01791 -16.00248 -15.98341 -15.96934 -15.95346
 -15.93995 -15.92120 -15.90685 -15.87514 -15.85898 -15.83663 -15.83610 -15.82159
 -15.81147 -15.79952 -15.78977 -15.75287 -15.75041 -15.72589 -15.71182 -15.70180
 -15.69957 -15.68807 -15.67998 -15.64119 -15.63993 -15.59277 -15.59127 -15.57991
 -15.56720 -15.54824 -15.54085 -15.53719 -15.52815 -15.50487 -15.50075 -15.48373
 -15.47634 -15.45605 -15.42422 -15.40518 -15.37220 -15.36755 -15.36074 -15.35243
 -15.34050 -15.32523 -15.30181 -15.29921 -15.29102 -15.27580 -15.26327 -15.24301
 -15.22944 -15.21310 -15.17060 -15.15538 -15.14022 -15.10280 -15.08342 -15.05915
 -15.05299 -15.04681 -15.00949 -15.00700 -14.97612 -14.95246 -14.94920 -14.89020
 -14.88563 -14.88155 -14.83287 -14.82385 -14.76874 -14.76716 -14.72662 -14.70109
 -14.69424 -14.66012 -14.64429 -14.63343 -14.60393 -14.59168 -14.59047 -14.57994
 -14.57280 -14.56978 -14.51685 -14.46820 -14.44693 -14.38681 -14.36515 -14.30170
 -14.26404 -14.22224 -14.22049 -14.20347 -14.16547 -14.13862 -14.11581 -14.09702
 -14.07080 -14.05257 -14.03583 -13.93688 -13.93578 -13.90911 -13.87437 -13.86563
 -13.83649 -13.75757 -13.71471 -13.68639 -13.66364 -13.65308 -13.64579 -13.63848
 -13.63252 -13.58948 -13.58348 -13.56960 -13.55252 -13.52981 -13.45873 -13.44199
 -13.41615 -13.39505 -13.39203 -13.36567 -13.36447 -13.34536 -13.33835 -13.30881
 -13.30105 -13.29553 -13.26722 -13.22846 -13.20603 -13.19260 -13.12122 -13.11540
 -13.09645 -13.08040 -13.06831 -13.04580 -13.03713 -13.03125 -12.98475 -12.96292
 -12.93338 -12.92933 -12.92850 -12.91362 -12.90576 -12.82459 -12.82135 -12.80771
 -12.77572 -12.75353 -12.65827 -12.61329 -12.53939 -12.52776 -12.51355 -12.49952
 -12.48886 -12.45540 -12.43196 -12.41908 -12.39791 -12.38459 -12.36027 -12.33839
 -12.31022 -12.25836 -12.21503 -12.21110 -12.16237 -12.14216 -12.12609 -12.07618
 -12.04686 -12.02618 -12.01405 -11.96969 -11.94505 -11.91759 -11.91260 -11.74567
 -11.72160 -11.67978 -11.67563 -11.64617 -11.50774 -11.36041 -11.34064 -11.29655
 -11.26928 -11.25304 -11.16321 -11.03018 -11.01321 -10.99515 -10.92569 -10.89827
 -10.77320 -10.62675 -10.18775 -10.15495  -4.57107  -4.39382  -4.11460  -4.01480
  -3.94075  -3.84078  -3.77762  -3.61481  -3.52693  -3.49713  -3.48502  -3.46944
  -3.37744  -3.28729  -3.24879  -3.16281  -3.07837  -3.05735  -3.00526  -2.89717
  -2.88632  -2.82363  -2.79208  -2.73237  -2.68669  -2.66826  -2.65905  -2.63449
  -2.41424  -2.39943  -2.35863  -2.34290  -2.32118  -2.29910  -2.23051  -2.20991
  -2.16919  -2.14837  -2.09712  -2.09623  -2.02355  -1.94839  -1.92367  -1.91967
  -1.88738  -1.85770  -1.85604  -1.84299  -1.83137  -1.78708  -1.77744  -1.71563
  -1.68967  -1.64384  -1.62950  -1.60708  -1.58199  -1.54384  -1.51901  -1.51571
  -1.47801  -1.41164  -1.40680  -1.38950  -1.33336  -1.30781  -1.28083  -1.25640
  -1.22439  -1.22179  -1.15913  -1.15210  -1.10806  -1.07285  -1.07067  -1.05625
  -1.04925  -1.03731  -1.02746  -1.02362  -1.02130  -0.99920  -0.96217  -0.95915
  -0.94843  -0.92965  -0.91665  -0.90434  -0.89626  -0.88753  -0.86874  -0.86428
  -0.86307  -0.78460  -0.75690  -0.72834  -0.72702  -0.71631  -0.69858  -0.69689
  -0.67361  -0.66864  -0.65082  -0.64999  -0.62811  -0.60510  -0.57538  -0.53986
  -0.53953  -0.51303  -0.45124  -0.40869  -0.39005  -0.37027  -0.34649  -0.32648
  -0.32277  -0.31677  -0.31599  -0.30525  -0.27611  -0.27376  -0.24233  -0.23535
  -0.21767  -0.21355  -0.21173  -0.20641  -0.20181  -0.19258  -0.18384  -0.17882
  -0.15732  -0.14847  -0.12764  -0.12736  -0.11699  -0.08139  -0.07043  -0.05519
  -0.03069  -0.02327  -0.01518  -0.01183   0.00701   0.00717   0.02228   0.03946
   0.04393   0.05244   0.06159   0.06665   0.06717   0.09426   0.09591   0.11548
   0.12615   0.13881   0.14570   0.15466   0.16690   0.17198   0.17730   0.19466
   0.19973   0.23872   0.23896   0.24113   0.25240   0.27664   0.28953   0.29422
   0.30188   0.30348   0.34316   0.36120   0.37555   0.38613   0.41745   0.42303
   0.42767   0.45181   0.46026   0.47320   0.48516   0.49700   0.49875   0.50257
   0.50555   0.50976   0.52085   0.53807   0.54544   0.54838   0.55334   0.56538
   0.58042   0.60443   0.61335   0.62485   0.62946   0.64257   0.64870   0.65346
   0.66140   0.68149   0.70379   0.70998   0.72065   0.73943   0.74558   0.74570
   0.77833   0.77940   0.79044   0.79770   0.80465   0.80619   0.80992   0.82140
   0.86821   0.88189   0.91013   0.91054   0.91103   0.92618   0.93808   0.93910
   0.94103   0.95080   0.96878   0.97676   0.98504   0.99482   1.00845   1.01608
   1.02637   1.05285   1.06097   1.07104   1.09500   1.09766   1.10264   1.12980
   1.13495   1.14343   1.15447   1.16954   1.18855   1.19354   1.19514   1.20588
   1.23925   1.24180   1.24883   1.28082   1.30299   1.31112   1.33652   1.35726
   1.36578   1.38925   1.40031   1.40614   1.41680   1.41962   1.43029   1.43769
   1.44005   1.44858   1.45015   1.46087   1.46858   1.48601   1.49361   1.49832
   1.51298   1.55035   1.56154   1.57012   1.57507   1.59177   1.59537   1.60095
   1.62433   1.63387   1.63548   1.63708   1.63935   1.65004   1.66350   1.68534
   1.69769   1.72061   1.72815   1.73482   1.74711   1.75694   1.75909   1.75921
   1.76357   1.77029   1.78201   1.78684   1.78765   1.80576   1.81720   1.82262
   1.82689   1.86226   1.86583   1.87765   1.89023   1.90805   1.91613   1.91954
   1.94064   1.95046   1.95717   1.96736   1.97904   1.98582   2.01274   2.02990
   2.04515   2.04630   2.06490   2.07542   2.07937   2.08670   2.08730   2.10551
   2.11779   2.12690   2.14115   2.15789   2.15826   2.16878   2.17933   2.18259
   2.19918   2.23595   2.23803   2.23946   2.25234   2.25893   2.26881   2.27635
   2.28090   2.29015   2.29731   2.30276   2.31308   2.31953   2.35176   2.36553
   2.36918   2.37603   2.37854   2.41142   2.41879   2.42524   2.42628   2.43721
   2.45319   2.45668   2.45800   2.47244   2.48528   2.48561   2.50602   2.51141
   2.51621   2.51990   2.52655   2.52773   2.54289   2.54673   2.55470   2.59434
   2.60091   2.60400   2.61178   2.61289   2.62349   2.62726   2.62940   2.63240
   2.63392   2.64058   2.64189   2.64342   2.65825   2.66100   2.67122   2.68836
   2.69622   2.71018   2.71386   2.71903   2.73942   2.74972   2.75192   2.75899
   2.76524   2.76751   2.77058   2.77253   2.78957   2.79068   2.79142   2.82738
   2.82962   2.83528   2.83947   2.85301   2.86256   2.86914   2.87374   2.88725
   2.89142   2.89803   2.90881   2.91379   2.94173   2.95359   2.95982   2.98181
   2.98369   2.99963   3.00097   3.00162   3.01533   3.03096   3.04716   3.07059
   3.07285   3.07546   3.09726   3.09855   3.10771   3.12427   3.13572   3.13755
   3.14484   3.15102   3.16340   3.17432   3.18354   3.18645   3.20329   3.22228
   3.22315   3.23214   3.23236   3.24177   3.27197   3.28385   3.29013   3.29628
   3.31884   3.32062   3.32973   3.33136   3.33605   3.33787   3.34415   3.36568
   3.36757   3.39067   3.39486   3.40077   3.42658   3.42995   3.45710   3.47124
   3.47634   3.49125   3.50232   3.51044   3.53545   3.54304   3.54433   3.54985
   3.55299   3.57175   3.57864   3.58730   3.59286   3.62499   3.63119   3.63945
   3.64068   3.65645   3.67772   3.68044   3.68392   3.69695   3.70532   3.72165
   3.73007   3.75150   3.76964   3.77359   3.77971   3.80794   3.81666   3.81941
   3.83814   3.84747   3.85515   3.86755   3.88470   3.88808   3.90309   3.91507
   3.92318   3.93652   3.94273   3.95393   3.95686   3.96355   3.98197   3.99877
   4.02100   4.02822   4.05010   4.06049   4.06761   4.08312   4.08781   4.08949
   4.09451   4.09731   4.12234   4.14829   4.15290   4.16584   4.16631   4.17717
   4.19564   4.20755   4.20864   4.24254   4.26170   4.26709   4.29045   4.29984
   4.30098   4.30828   4.36909   4.37695   4.40947   4.42626   4.44234   4.45582
   4.45696   4.50053   4.50373   4.53038   4.58239   4.61155   4.63311   4.64999
   4.65326   4.66804   4.73408   4.75573   4.76641   4.78955   4.82357   4.91089
   4.93205   4.93474   4.93735   4.97568   5.05999   5.06122   5.10209   5.15110
   5.22271   5.23623   5.34775   5.38180   5.43373   6.17763


              NET ATOMIC CHARGES AND DIPOLE CONTRIBUTIONS

  ATOM NO.                 TYPE                        CHARGE      No. of ELECS.   s-Pop       p-Pop       d-Pop       
    1          N(ATOM      1  N   ASP A   1)          -0.015284        5.0153     1.37314     3.64214
    2          C(ATOM      2  CA  ASP A   1)          -0.199763        4.1998     1.11753     3.08224
    3          C(ATOM      3  C   ASP A   1)           0.522333        3.4777     1.05581     2.42185
    4          O(ATOM      4  O   ASP A   1)          -0.559215        6.5592     1.85593     4.70328
    5          C(ATOM      5  CB  ASP A   1)          -0.482441        4.4824     1.12399     3.35845
    6          C(ATOM      6  CG  ASP A   1)           0.740900        3.2591     1.04402     2.21508
    7          O(ATOM      7  OD1 ASP A   1)          -0.736678        6.7367     1.86426     4.87242
    8          O(ATOM      8  OD2 ASP A   1)          -0.730929        6.7309     1.86934     4.86159
    9          H(ATOM      9  H1  ASP A   1)           0.309135        0.6909     0.69086
   10          H(ATOM     10  HA  ASP A   1)           0.228946        0.7711     0.77105
   11          H(ATOM     11  HB2 ASP A   1)           0.167727        0.8323     0.83227
   12          H(ATOM     12  HB3 ASP A   1)           0.180458        0.8195     0.81954
   13          H(ATOM     13  H2  ASP A   1)           0.237990        0.7620     0.76201
   14          H(ATOM     14  H3  ASP A   1)           0.244950        0.7550     0.75505
   15          N(ATOM     15  N   CYS A   2)          -0.393253        5.3933     1.46816     3.92509
   16          C(ATOM     16  CA  CYS A   2)          -0.038022        4.0380     1.10081     2.93721
   17          C(ATOM     17  C   CYS A   2)           0.526829        3.4732     1.06744     2.40573
   18          O(ATOM     18  O   CYS A   2)          -0.553277        6.5533     1.86010     4.69318
   19          C(ATOM     19  CB  CYS A   2)          -0.368151        4.3682     1.11276     3.25539
   20          S(ATOM     20  SG  CYS A   2)           0.029575        5.9704     1.94347     3.89311     0.13385
   21          H(ATOM     21  H   CYS A   2)           0.292100        0.7079     0.70790
   22          H(ATOM     22  HA  CYS A   2)           0.179872        0.8201     0.82013
   23          H(ATOM     23  HB2 CYS A   2)           0.182581        0.8174     0.81742
   24          H(ATOM     24  HB3 CYS A   2)           0.185051        0.8149     0.81495
   25          N(ATOM     25  N   GLY A   3)          -0.385425        5.3854     1.46297     3.92246
   26          C(ATOM     26  CA  GLY A   3)          -0.211237        4.2112     1.09926     3.11198
   27          C(ATOM     27  C   GLY A   3)           0.586597        3.4134     1.07353     2.33988
   28          O(ATOM     28  O   GLY A   3)          -0.668177        6.6682     1.85723     4.81094
   29          H(ATOM     29  H   GLY A   3)           0.283049        0.7170     0.71695
   30          H(ATOM     30  HA2 GLY A   3)           0.207241        0.7928     0.79276
   31          H(ATOM     31  HA3 GLY A   3)           0.198732        0.8013     0.80127
   32          N(ATOM     32  N   HIS A   4)          -0.428326        5.4283     1.47918     3.94915
   33          C(ATOM     33  CA  HIS A   4)          -0.010676        4.0107     1.09806     2.91262
   34          C(ATOM     34  C   HIS A   4)           0.539498        3.4605     1.09169     2.36881
   35          O(ATOM     35  O   HIS A   4)          -0.579640        6.5796     1.85817     4.72147
   36          C(ATOM     36  CB  HIS A   4)          -0.271192        4.2712     1.08120     3.18999
   37          C(ATOM     37  CG  HIS A   4)          -0.096887        4.0969     1.07056     3.02633
   38          N(ATOM     38  ND1 HIS A   4)          -0.160291        5.1603     1.44411     3.71618
   39          C(ATOM     39  CD2 HIS A   4)          -0.120043        4.1200     1.10619     3.01385
   40          C(ATOM     40  CE1 HIS A   4)          -0.023109        4.0231     1.10433     2.91878
   41          N(ATOM     41  NE2 HIS A   4)          -0.315132        5.3151     1.73241     3.58272
   42          H(ATOM     42  H   HIS A   4)           0.330740        0.6693     0.66926
   43          H(ATOM     43  HA  HIS A   4)           0.158562        0.8414     0.84144
   44          H(ATOM     44  HB2 HIS A   4)           0.168718        0.8313     0.83128
   45          H(ATOM     45  HB3 HIS A   4)           0.148971        0.8510     0.85103
   46          H(ATOM     46  HD1 HIS A   4)           0.327566        0.6724     0.67243
   47          H(ATOM     47  HD2 HIS A   4)           0.169196        0.8308     0.83080
   48          H(ATOM     48  HE1 HIS A   4)           0.191628        0.8084     0.80837
   49          N(ATOM     49  N   LEU A   5)          -0.493144        5.4931     1.49131     4.00184
   50          C(ATOM     50  CA  LEU A   5)          -0.029190        4.0292     1.11055     2.91864
   51          C(ATOM     51  C   LEU A   5)           0.563069        3.4369     1.07691     2.36002
   52          O(ATOM     52  O   LEU A   5)          -0.591152        6.5912     1.85528     4.73588
   53          C(ATOM     53  CB  LEU A   5)          -0.347606        4.3476     1.10061     3.24700
   54          C(ATOM     54  CG  LEU A   5)           0.035447        3.9646     1.07066     2.89389
   55          C(ATOM     55  CD1 LEU A   5)          -0.511393        4.5114     1.09179     3.41961
   56          C(ATOM     56  CD2 LEU A   5)          -0.498595        4.4986     1.08947     3.40913
   57          H(ATOM     57  H   LEU A   5)           0.273435        0.7266     0.72657
   58          H(ATOM     58  HA  LEU A   5)           0.181780        0.8182     0.81822
   59          H(ATOM     59  HB2 LEU A   5)           0.160847        0.8392     0.83915
   60          H(ATOM     60  HB3 LEU A   5)           0.148881        0.8511     0.85112
   61          H(ATOM     61  HG  LEU A   5)           0.122113        0.8779     0.87789
   62          H(ATOM     62 HD11 LEU A   5)           0.158072        0.8419     0.84193
   63          H(ATOM     63 HD12 LEU A   5)           0.163211        0.8368     0.83679
   64          H(ATOM     64 HD13 LEU A   5)           0.148401        0.8516     0.85160
   65          H(ATOM     65 HD21 LEU A   5)           0.155485        0.8445     0.84452
   66          H(ATOM     66 HD22 LEU A   5)           0.154840        0.8452     0.84516
   67          H(ATOM     67 HD23 LEU A   5)           0.171569        0.8284     0.82843
   68          N(ATOM     68  N   HIS A   6)          -0.449261        5.4493     1.47716     3.97210
   69          C(ATOM     69  CA  HIS A   6)          -0.048434        4.0484     1.10466     2.94378
   70          C(ATOM     70  C   HIS A   6)           0.540548        3.4595     1.07465     2.38480
   71          O(ATOM     71  O   HIS A   6)          -0.600835        6.6008     1.85842     4.74241
   72          C(ATOM     72  CB  HIS A   6)          -0.261631        4.2616     1.08239     3.17924
   73          C(ATOM     73  CG  HIS A   6)          -0.058667        4.0587     1.08286     2.97581
   74          N(ATOM     74  ND1 HIS A   6)          -0.174068        5.1741     1.42567     3.74840
   75          C(ATOM     75  CD2 HIS A   6)          -0.125743        4.1257     1.10837     3.01738
   76          C(ATOM     76  CE1 HIS A   6)          -0.051676        4.0517     1.10434     2.94734
   77          N(ATOM     77  NE2 HIS A   6)          -0.288798        5.2888     1.72785     3.56095
   78          H(ATOM     78  H   HIS A   6)           0.276473        0.7235     0.72353
   79          H(ATOM     79  HA  HIS A   6)           0.196924        0.8031     0.80308
   80          H(ATOM     80  HB2 HIS A   6)           0.168215        0.8318     0.83178
   81          H(ATOM     81  HB3 HIS A   6)           0.179482        0.8205     0.82052
   82          H(ATOM     82  HD1 HIS A   6)           0.274122        0.7259     0.72588
   83          H(ATOM     83  HD2 HIS A   6)           0.184375        0.8156     0.81563
   84          H(ATOM     84  HE1 HIS A   6)           0.189196        0.8108     0.81080
   85          N(ATOM     85  N   ASP A   7)          -0.422425        5.4224     1.47630     3.94612
   86          C(ATOM     86  CA  ASP A   7)           0.038085        3.9619     1.09618     2.86573
   87          C(ATOM     87  C   ASP A   7)           0.560800        3.4392     1.09237     2.34683
   88          O(ATOM     88  O   ASP A   7)          -0.667119        6.6671     1.84394     4.82317
   89          C(ATOM     89  CB  ASP A   7)          -0.510539        4.5105     1.12073     3.38981
   90          C(ATOM     90  CG  ASP A   7)           0.736952        3.2630     1.04017     2.22287
   91          O(ATOM     91  OD1 ASP A   7)          -0.749150        6.7491     1.86444     4.88471
   92          O(ATOM     92  OD2 ASP A   7)          -0.752773        6.7528     1.86109     4.89168
   93          H(ATOM     93  H   ASP A   7)           0.293322        0.7067     0.70668
   94          H(ATOM     94  HA  ASP A   7)           0.185995        0.8140     0.81400
   95          H(ATOM     95  HB2 ASP A   7)           0.199980        0.8000     0.80002
   96          H(ATOM     96  HB3 ASP A   7)           0.191464        0.8085     0.80854
   97          N(ATOM     97  N   PRO A   8)          -0.335187        5.3352     1.48557     3.84962
   98          C(ATOM     98  CA  PRO A   8)          -0.036410        4.0364     1.10062     2.93579
   99          C(ATOM     99  C   PRO A   8)           0.533915        3.4661     1.08476     2.38133
  100          O(ATOM    100  O   PRO A   8)          -0.558811        6.5588     1.85836     4.70045
  101          C(ATOM    101  CB  PRO A   8)          -0.274203        4.2742     1.09064     3.18356
  102          C(ATOM    102  CG  PRO A   8)          -0.274808        4.2748     1.09155     3.18326
  103          C(ATOM    103  CD  PRO A   8)          -0.101583        4.1016     1.08651     3.01507
  104          H(ATOM    104  HA  PRO A   8)           0.146214        0.8538     0.85379
  105          H(ATOM    105  HB2 PRO A   8)           0.145718        0.8543     0.85428
  106          H(ATOM    106  HB3 PRO A   8)           0.148383        0.8516     0.85162
  107          H(ATOM    107  HG2 PRO A   8)           0.168410        0.8316     0.83159
  108          H(ATOM    108  HG3 PRO A   8)           0.153278        0.8467     0.84672
  109          H(ATOM    109  HD2 PRO A   8)           0.173231        0.8268     0.82677
  110          H(ATOM    110  HD3 PRO A   8)           0.148187        0.8518     0.85181
  111          N(ATOM    111  N   CYS A   9)          -0.460344        5.4603     1.48112     3.97923
  112          C(ATOM    112  CA  CYS A   9)          -0.013725        4.0137     1.10007     2.91366
  113          C(ATOM    113  C   CYS A   9)           0.525047        3.4750     1.08231     2.39264
  114          O(ATOM    114  O   CYS A   9)          -0.548800        6.5488     1.85977     4.68903
  115          C(ATOM    115  CB  CYS A   9)          -0.311215        4.3112     1.11335     3.19786
  116          S(ATOM    116  SG  CYS A   9)          -0.092494        6.0925     1.93742     4.02390     0.13117
  117          H(ATOM    117  H   CYS A   9)           0.277894        0.7221     0.72211
  118          H(ATOM    118  HA  CYS A   9)           0.187860        0.8121     0.81214
  119          H(ATOM    119  HB2 CYS A   9)           0.198247        0.8018     0.80175
  120          H(ATOM    120  HB3 CYS A   9)           0.189227        0.8108     0.81077
  121          N(ATOM    121  N   PRO A  10)          -0.382478        5.3825     1.49559     3.88689
  122          C(ATOM    122  CA  PRO A  10)          -0.035354        4.0354     1.10795     2.92741
  123          C(ATOM    123  C   PRO A  10)           0.527973        3.4720     1.07819     2.39384
  124          O(ATOM    124  O   PRO A  10)          -0.523305        6.5233     1.85839     4.66492
  125          C(ATOM    125  CB  PRO A  10)          -0.276906        4.2769     1.09260     3.18430
  126          C(ATOM    126  CG  PRO A  10)          -0.284204        4.2842     1.09125     3.19295
  127          C(ATOM    127  CD  PRO A  10)          -0.108542        4.1085     1.08509     3.02345
  128          H(ATOM    128  HA  PRO A  10)           0.182273        0.8177     0.81773
  129          H(ATOM    129  HB2 PRO A  10)           0.171661        0.8283     0.82834
  130          H(ATOM    130  HB3 PRO A  10)           0.157240        0.8428     0.84276
  131          H(ATOM    131  HG2 PRO A  10)           0.143808        0.8562     0.85619
  132          H(ATOM    132  HG3 PRO A  10)           0.158898        0.8411     0.84110
  133          H(ATOM    133  HD2 PRO A  10)           0.151082        0.8489     0.84892
  134          H(ATOM    134  HD3 PRO A  10)           0.144342        0.8557     0.85566
  135          N(ATOM    135  N   ASN A  11)          -0.471433        5.4714     1.48074     3.99069
  136          C(ATOM    136  CA  ASN A  11)          -0.000139        4.0001     1.09879     2.90135
  137          C(ATOM    137  C   ASN A  11)           0.512104        3.4879     1.08160     2.40630
  138          O(ATOM    138  O   ASN A  11)          -0.593655        6.5937     1.85869     4.73497
  139          C(ATOM    139  CB  ASN A  11)          -0.429296        4.4293     1.10629     3.32300
  140          C(ATOM    140  CG  ASN A  11)           0.580304        3.4197     1.04944     2.37026
  141          O(ATOM    141  OD1 ASN A  11)          -0.556235        6.5562     1.85188     4.70435
  142          N(ATOM    142  ND2 ASN A  11)          -0.534547        5.5345     1.45945     4.07510
  143          H(ATOM    143  H   ASN A  11)           0.269470        0.7305     0.73053
  144          H(ATOM    144  HA  ASN A  11)           0.198134        0.8019     0.80187
  145          H(ATOM    145  HB2 ASN A  11)           0.165423        0.8346     0.83458
  146          H(ATOM    146  HB3 ASN A  11)           0.210188        0.7898     0.78981
  147          H(ATOM    147 HD21 ASN A  11)           0.264814        0.7352     0.73519
  148          H(ATOM    148 HD22 ASN A  11)           0.290753        0.7092     0.70925
  149          N(ATOM    149  N   ASP A  12)          -0.404940        5.4049     1.48114     3.92380
  150          C(ATOM    150  CA  ASP A  12)           0.007150        3.9929     1.09361     2.89924
  151          C(ATOM    151  C   ASP A  12)           0.532156        3.4678     1.08370     2.38414
  152          O(ATOM    152  O   ASP A  12)          -0.574257        6.5743     1.86042     4.71384
  153          C(ATOM    153  CB  ASP A  12)          -0.480718        4.4807     1.11691     3.36381
  154          C(ATOM    154  CG  ASP A  12)           0.752439        3.2476     1.04185     2.20571
  155          O(ATOM    155  OD1 ASP A  12)          -0.815468        6.8155     1.86231     4.95316
  156          O(ATOM    156  OD2 ASP A  12)          -0.780868        6.7809     1.86393     4.91694
  157          H(ATOM    157  H   ASP A  12)           0.292947        0.7071     0.70705
  158          H(ATOM    158  HA  ASP A  12)           0.176112        0.8239     0.82389
  159          H(ATOM    159  HB2 ASP A  12)           0.195067        0.8049     0.80493
  160          H(ATOM    160  HB3 ASP A  12)           0.192014        0.8080     0.80799
  161          N(ATOM    161  N   ARG A  13)          -0.439280        5.4393     1.47641     3.96287
  162          C(ATOM    162  CA  ARG A  13)          -0.012027        4.0120     1.09482     2.91721
  163          C(ATOM    163  C   ARG A  13)           0.542023        3.4580     1.08085     2.37713
  164          O(ATOM    164  O   ARG A  13)          -0.608711        6.6087     1.85990     4.74881
  165          C(ATOM    165  CB  ARG A  13)          -0.291802        4.2918     1.09235     3.19945
  166          C(ATOM    166  CG  ARG A  13)          -0.273947        4.2739     1.08985     3.18410
  167          C(ATOM    167  CD  ARG A  13)          -0.111043        4.1110     1.09377     3.01728
  168          N(ATOM    168  NE  ARG A  13)          -0.385684        5.3857     1.45353     3.93215
  169          C(ATOM    169  CZ  ARG A  13)           0.480698        3.5193     1.00232     2.51698
  170          N(ATOM    170  NH1 ARG A  13)          -0.451938        5.4519     1.42194     4.02999
  171          N(ATOM    171  NH2 ARG A  13)          -0.463129        5.4631     1.42463     4.03850
  172          H(ATOM    172  H   ARG A  13)           0.297791        0.7022     0.70221
  173          H(ATOM    173  HA  ARG A  13)           0.169691        0.8303     0.83031
  174          H(ATOM    174  HB2 ARG A  13)           0.132392        0.8676     0.86761
  175          H(ATOM    175  HB3 ARG A  13)           0.175995        0.8240     0.82400
  176          H(ATOM    176  HG2 ARG A  13)           0.210948        0.7891     0.78905
  177          H(ATOM    177  HG3 ARG A  13)           0.168495        0.8315     0.83150
  178          H(ATOM    178  HD2 ARG A  13)           0.161973        0.8380     0.83803
  179          H(ATOM    179  HD3 ARG A  13)           0.153470        0.8465     0.84653
  180          H(ATOM    180  HE  ARG A  13)           0.300527        0.6995     0.69947
  181          H(ATOM    181 HH11 ARG A  13)           0.301209        0.6988     0.69879
  182          H(ATOM    182 HH12 ARG A  13)           0.303508        0.6965     0.69649
  183          H(ATOM    183 HH21 ARG A  13)           0.302782        0.6972     0.69722
  184          H(ATOM    184 HH22 ARG A  13)           0.303755        0.6962     0.69624
  185          N(ATOM    185  N   PRO A  14)          -0.334283        5.3343     1.48332     3.85096
  186          C(ATOM    186  CA  PRO A  14)          -0.045034        4.0450     1.10129     2.94375
  187          C(ATOM    187  C   PRO A  14)           0.537221        3.4628     1.08002     2.38276
  188          O(ATOM    188  O   PRO A  14)          -0.593862        6.5939     1.86081     4.73305
  189          C(ATOM    189  CB  PRO A  14)          -0.275865        4.2759     1.09178     3.18409
  190          C(ATOM    190  CG  PRO A  14)          -0.270949        4.2709     1.09090     3.18005
  191          C(ATOM    191  CD  PRO A  14)          -0.103144        4.1031     1.08524     3.01790
  192          H(ATOM    192  HA  PRO A  14)           0.146823        0.8532     0.85318
  193          H(ATOM    193  HB2 PRO A  14)           0.161295        0.8387     0.83871
  194          H(ATOM    194  HB3 PRO A  14)           0.154345        0.8457     0.84566
  195          H(ATOM    195  HG2 PRO A  14)           0.160125        0.8399     0.83988
  196          H(ATOM    196  HG3 PRO A  14)           0.158221        0.8418     0.84178
  197          H(ATOM    197  HD2 PRO A  14)           0.145947        0.8541     0.85405
  198          H(ATOM    198  HD3 PRO A  14)           0.149024        0.8510     0.85098
  199          N(ATOM    199  N   GLY A  15)          -0.415673        5.4157     1.46948     3.94620
  200          C(ATOM    200  CA  GLY A  15)          -0.223837        4.2238     1.10622     3.11762
  201          C(ATOM    201  C   GLY A  15)           0.558951        3.4410     1.06821     2.37284
  202          O(ATOM    202  O   GLY A  15)          -0.556800        6.5568     1.85834     4.69846
  203          H(ATOM    203  H   GLY A  15)           0.267284        0.7327     0.73272
  204          H(ATOM    204  HA2 GLY A  15)           0.186615        0.8134     0.81338
  205          H(ATOM    205  HA3 GLY A  15)           0.192525        0.8075     0.80747
  206          N(ATOM    206  N   HIS A  16)          -0.441699        5.4417     1.47766     3.96403
  207          C(ATOM    207  CA  HIS A  16)          -0.032804        4.0328     1.10085     2.93196
  208          C(ATOM    208  C   HIS A  16)           0.534587        3.4654     1.07228     2.39314
  209          O(ATOM    209  O   HIS A  16)          -0.570630        6.5706     1.85789     4.71274
  210          C(ATOM    210  CB  HIS A  16)          -0.260378        4.2604     1.08109     3.17929
  211          C(ATOM    211  CG  HIS A  16)          -0.065684        4.0657     1.07925     2.98643
  212          N(ATOM    212  ND1 HIS A  16)          -0.158242        5.1582     1.42321     3.73504
  213          C(ATOM    213  CD2 HIS A  16)          -0.147909        4.1479     1.10131     3.04660
  214          C(ATOM    214  CE1 HIS A  16)          -0.014593        4.0146     1.10871     2.90588
  215          N(ATOM    215  NE2 HIS A  16)          -0.294985        5.2950     1.72817     3.56682
  216          H(ATOM    216  H   HIS A  16)           0.294736        0.7053     0.70526
  217          H(ATOM    217  HA  HIS A  16)           0.172516        0.8275     0.82748
  218          H(ATOM    218  HB2 HIS A  16)           0.156826        0.8432     0.84317
  219          H(ATOM    219  HB3 HIS A  16)           0.168099        0.8319     0.83190
  220          H(ATOM    220  HD1 HIS A  16)           0.272546        0.7275     0.72745
  221          H(ATOM    221  HD2 HIS A  16)           0.160406        0.8396     0.83959
  222          H(ATOM    222  HE1 HIS A  16)           0.202499        0.7975     0.79750
  223          N(ATOM    223  N   ARG A  17)          -0.414410        5.4144     1.47599     3.93842
  224          C(ATOM    224  CA  ARG A  17)          -0.028004        4.0280     1.09987     2.92814
  225          C(ATOM    225  C   ARG A  17)           0.503789        3.4962     1.07888     2.41733
  226          O(ATOM    226  O   ARG A  17)          -0.561092        6.5611     1.85722     4.70387
  227          C(ATOM    227  CB  ARG A  17)          -0.273505        4.2735     1.09101     3.18249
  228          C(ATOM    228  CG  ARG A  17)          -0.250808        4.2508     1.08774     3.16307
  229          C(ATOM    229  CD  ARG A  17)          -0.120482        4.1205     1.09911     3.02137
  230          N(ATOM    230  NE  ARG A  17)          -0.384015        5.3840     1.45481     3.92921
  231          C(ATOM    231  CZ  ARG A  17)           0.469922        3.5301     1.00271     2.52737
  232          N(ATOM    232  NH1 ARG A  17)          -0.464319        5.4643     1.43041     4.03391
  233          N(ATOM    233  NH2 ARG A  17)          -0.485692        5.4857     1.42913     4.05656
  234          H(ATOM    234  H   ARG A  17)           0.276788        0.7232     0.72321
  235          H(ATOM    235  HA  ARG A  17)           0.193430        0.8066     0.80657
  236          H(ATOM    236  HB2 ARG A  17)           0.146541        0.8535     0.85346
  237          H(ATOM    237  HB3 ARG A  17)           0.173548        0.8265     0.82645
  238          H(ATOM    238  HG2 ARG A  17)           0.198736        0.8013     0.80126
  239          H(ATOM    239  HG3 ARG A  17)           0.131932        0.8681     0.86807
  240          H(ATOM    240  HD2 ARG A  17)           0.204774        0.7952     0.79523
  241          H(ATOM    241  HD3 ARG A  17)           0.160313        0.8397     0.83969
  242          H(ATOM    242  HE  ARG A  17)           0.291420        0.7086     0.70858
  243          H(ATOM    243 HH11 ARG A  17)           0.323354        0.6766     0.67665
  244          H(ATOM    244 HH12 ARG A  17)           0.311020        0.6890     0.68898
  245          H(ATOM    245 HH21 ARG A  17)           0.301430        0.6986     0.69857
  246          H(ATOM    246 HH22 ARG A  17)           0.302731        0.6973     0.69727
  247          N(ATOM    247  N   THR A  18)          -0.432402        5.4324     1.47766     3.95475
  248          C(ATOM    248  CA  THR A  18)          -0.118184        4.1182     1.12006     2.99813
  249          C(ATOM    249  C   THR A  18)           0.552332        3.4477     1.07491     2.37276
  250          O(ATOM    250  O   THR A  18)          -0.603164        6.6032     1.85291     4.75025
  251          C(ATOM    251  CB  THR A  18)           0.205114        3.7949     1.08636     2.70853
  252          O(ATOM    252  OG1 THR A  18)          -0.567432        6.5674     1.80876     4.75867
  253          C(ATOM    253  CG2 THR A  18)          -0.516045        4.5160     1.09115     3.42489
  254          H(ATOM    254  H   THR A  18)           0.301463        0.6985     0.69854
  255          H(ATOM    255  HA  THR A  18)           0.191678        0.8083     0.80832
  256          H(ATOM    256  HB  THR A  18)           0.134478        0.8655     0.86552
  257          H(ATOM    257  HG1 THR A  18)           0.334168        0.6658     0.66583
  258          H(ATOM    258 HG21 THR A  18)           0.182628        0.8174     0.81737
  259          H(ATOM    259 HG22 THR A  18)           0.174390        0.8256     0.82561
  260          H(ATOM    260 HG23 THR A  18)           0.159901        0.8401     0.84010
  261          N(ATOM    261  N   CYS A  19)          -0.401230        5.4012     1.47337     3.92786
  262          C(ATOM    262  CA  CYS A  19)          -0.030490        4.0305     1.10084     2.92965
  263          C(ATOM    263  C   CYS A  19)           0.516030        3.4840     1.07919     2.40478
  264          O(ATOM    264  O   CYS A  19)          -0.555909        6.5559     1.85952     4.69639
  265          C(ATOM    265  CB  CYS A  19)          -0.302736        4.3027     1.10642     3.19632
  266          S(ATOM    266  SG  CYS A  19)          -0.124863        6.1249     1.93889     4.05938     0.12660
  267          H(ATOM    267  H   CYS A  19)           0.279326        0.7207     0.72067
  268          H(ATOM    268  HA  CYS A  19)           0.196025        0.8040     0.80398
  269          H(ATOM    269  HB2 CYS A  19)           0.177591        0.8224     0.82241
  270          H(ATOM    270  HB3 CYS A  19)           0.186310        0.8137     0.81369
  271          N(ATOM    271  N   CYS A  20)          -0.431620        5.4316     1.47815     3.95347
  272          C(ATOM    272  CA  CYS A  20)          -0.011330        4.0113     1.10015     2.91118
  273          C(ATOM    273  C   CYS A  20)           0.549189        3.4508     1.08362     2.36719
  274          O(ATOM    274  O   CYS A  20)          -0.592992        6.5930     1.85830     4.73469
  275          C(ATOM    275  CB  CYS A  20)          -0.385610        4.3856     1.11870     3.26691
  276          S(ATOM    276  SG  CYS A  20)          -0.047422        6.0474     1.93967     3.96600     0.14175
  277          H(ATOM    277  H   CYS A  20)           0.301918        0.6981     0.69808
  278          H(ATOM    278  HA  CYS A  20)           0.179752        0.8202     0.82025
  279          H(ATOM    279  HB2 CYS A  20)           0.221320        0.7787     0.77868
  280          H(ATOM    280  HB3 CYS A  20)           0.194108        0.8059     0.80589
  281          N(ATOM    281  N   ILE A  21)          -0.431602        5.4316     1.47894     3.95266
  282          C(ATOM    282  CA  ILE A  21)          -0.066281        4.0663     1.10820     2.95808
  283          C(ATOM    283  C   ILE A  21)           0.537577        3.4624     1.08072     2.38170
  284          O(ATOM    284  O   ILE A  21)          -0.531685        6.5317     1.85825     4.67343
  285          C(ATOM    285  CB  ILE A  21)          -0.057349        4.0573     1.09096     2.96639
  286          C(ATOM    286  CG1 ILE A  21)          -0.264334        4.2643     1.08530     3.17904
  287          C(ATOM    287  CG2 ILE A  21)          -0.479809        4.4798     1.08698     3.39283
  288          C(ATOM    288  CD1 ILE A  21)          -0.447415        4.4474     1.08192     3.36549
  289          H(ATOM    289  H   ILE A  21)           0.286024        0.7140     0.71398
  290          H(ATOM    290  HA  ILE A  21)           0.148010        0.8520     0.85199
  291          H(ATOM    291  HB  ILE A  21)           0.139881        0.8601     0.86012
  292          H(ATOM    292 HG12 ILE A  21)           0.138853        0.8611     0.86115
  293          H(ATOM    293 HG13 ILE A  21)           0.117444        0.8826     0.88256
  294          H(ATOM    294 HG21 ILE A  21)           0.171249        0.8288     0.82875
  295          H(ATOM    295 HG22 ILE A  21)           0.165363        0.8346     0.83464
  296          H(ATOM    296 HG23 ILE A  21)           0.156494        0.8435     0.84351
  297          H(ATOM    297 HD11 ILE A  21)           0.161031        0.8390     0.83897
  298          H(ATOM    298 HD12 ILE A  21)           0.148800        0.8512     0.85120
  299          H(ATOM    299 HD13 ILE A  21)           0.154660        0.8453     0.84534
  300          N(ATOM    300  N   GLY A  22)          -0.459811        5.4598     1.47510     3.98471
  301          C(ATOM    301  CA  GLY A  22)          -0.210940        4.2109     1.10345     3.10749
  302          C(ATOM    302  C   GLY A  22)           0.557468        3.4425     1.06999     2.37254
  303          O(ATOM    303  O   GLY A  22)          -0.603771        6.6038     1.85598     4.74779
  304          H(ATOM    304  H   GLY A  22)           0.259650        0.7403     0.74035
  305          H(ATOM    305  HA2 GLY A  22)           0.167725        0.8323     0.83228
  306          H(ATOM    306  HA3 GLY A  22)           0.204640        0.7954     0.79536
  307          N(ATOM    307  N   LEU A  23)          -0.409087        5.4091     1.47530     3.93379
  308          C(ATOM    308  CA  LEU A  23)          -0.022950        4.0230     1.09786     2.92509
  309          C(ATOM    309  C   LEU A  23)           0.551984        3.4480     1.08537     2.36264
  310          O(ATOM    310  O   LEU A  23)          -0.650061        6.6501     1.85844     4.79162
  311          C(ATOM    311  CB  LEU A  23)          -0.352878        4.3529     1.09809     3.25478
  312          C(ATOM    312  CG  LEU A  23)           0.036519        3.9635     1.06990     2.89358
  313          C(ATOM    313  CD1 LEU A  23)          -0.508573        4.5086     1.08837     3.42020
  314          C(ATOM    314  CD2 LEU A  23)          -0.515619        4.5156     1.08882     3.42680
  315          H(ATOM    315  H   LEU A  23)           0.294922        0.7051     0.70508
  316          H(ATOM    316  HA  LEU A  23)           0.189458        0.8105     0.81054
  317          H(ATOM    317  HB2 LEU A  23)           0.164340        0.8357     0.83566
  318          H(ATOM    318  HB3 LEU A  23)           0.167947        0.8321     0.83205
  319          H(ATOM    319  HG  LEU A  23)           0.130212        0.8698     0.86979
  320          H(ATOM    320 HD11 LEU A  23)           0.157363        0.8426     0.84264
  321          H(ATOM    321 HD12 LEU A  23)           0.169387        0.8306     0.83061
  322          H(ATOM    322 HD13 LEU A  23)           0.143842        0.8562     0.85616
  323          H(ATOM    323 HD21 LEU A  23)           0.164353        0.8356     0.83565
  324          H(ATOM    324 HD22 LEU A  23)           0.155914        0.8441     0.84409
  325          H(ATOM    325 HD23 LEU A  23)           0.157665        0.8423     0.84233
  326          N(ATOM    326  N   GLN A  24)          -0.439927        5.4399     1.48297     3.95695
  327          C(ATOM    327  CA  GLN A  24)          -0.019158        4.0192     1.09654     2.92262
  328          C(ATOM    328  C   GLN A  24)           0.553246        3.4468     1.07237     2.37438
  329          O(ATOM    329  O   GLN A  24)          -0.554506        6.5545     1.85392     4.70059
  330          C(ATOM    330  CB  GLN A  24)          -0.274230        4.2742     1.09178     3.18245
  331          C(ATOM    331  CG  GLN A  24)          -0.416572        4.4166     1.10404     3.31253
  332          C(ATOM    332  CD  GLN A  24)           0.565506        3.4345     1.05873     2.37576
  333          O(ATOM    333  OE1 GLN A  24)          -0.699491        6.6995     1.84950     4.84999
  334          N(ATOM    334  NE2 GLN A  24)          -0.465918        5.4659     1.45652     4.00940
  335          H(ATOM    335  H   GLN A  24)           0.329363        0.6706     0.67064
  336          H(ATOM    336  HA  GLN A  24)           0.132002        0.8680     0.86800
  337          H(ATOM    337  HB2 GLN A  24)           0.145151        0.8548     0.85485
  338          H(ATOM    338  HB3 GLN A  24)           0.194311        0.8057     0.80569
  339          H(ATOM    339  HG2 GLN A  24)           0.194561        0.8054     0.80544
  340          H(ATOM    340  HG3 GLN A  24)           0.173020        0.8270     0.82698
  341          H(ATOM    341 HE21 GLN A  24)           0.313287        0.6867     0.68671
  342          H(ATOM    342 HE22 GLN A  24)           0.289789        0.7102     0.71021
  343          N(ATOM    343  N   CYS A  25)          -0.437812        5.4378     1.47403     3.96378
  344          C(ATOM    344  CA  CYS A  25)          -0.014259        4.0143     1.09903     2.91523
  345          C(ATOM    345  C   CYS A  25)           0.561142        3.4389     1.08301     2.35585
  346          O(ATOM    346  O   CYS A  25)          -0.650557        6.6506     1.85785     4.79271
  347          C(ATOM    347  CB  CYS A  25)          -0.354026        4.3540     1.11317     3.24085
  348          S(ATOM    348  SG  CYS A  25)           0.015525        5.9845     1.94104     3.91054     0.13290
  349          H(ATOM    349  H   CYS A  25)           0.263011        0.7370     0.73699
  350          H(ATOM    350  HA  CYS A  25)           0.196118        0.8039     0.80388
  351          H(ATOM    351  HB2 CYS A  25)           0.199720        0.8003     0.80028
  352          H(ATOM    352  HB3 CYS A  25)           0.207687        0.7923     0.79231
  353          N(ATOM    353  N   ARG A  26)          -0.435742        5.4357     1.48530     3.95044
  354          C(ATOM    354  CA  ARG A  26)          -0.011080        4.0111     1.09883     2.91225
  355          C(ATOM    355  C   ARG A  26)           0.516256        3.4837     1.07998     2.40377
  356          O(ATOM    356  O   ARG A  26)          -0.535669        6.5357     1.85231     4.68336
  357          C(ATOM    357  CB  ARG A  26)          -0.291821        4.2918     1.09080     3.20102
  358          C(ATOM    358  CG  ARG A  26)          -0.266502        4.2665     1.08689     3.17962
  359          C(ATOM    359  CD  ARG A  26)          -0.105986        4.1060     1.09213     3.01386
  360          N(ATOM    360  NE  ARG A  26)          -0.371441        5.3714     1.44971     3.92173
  361          C(ATOM    361  CZ  ARG A  26)           0.481200        3.5188     1.00224     2.51656
  362          N(ATOM    362  NH1 ARG A  26)          -0.462251        5.4623     1.42342     4.03883
  363          N(ATOM    363  NH2 ARG A  26)          -0.461016        5.4610     1.42533     4.03568
  364          H(ATOM    364  H   ARG A  26)           0.334067        0.6659     0.66593
  365          H(ATOM    365  HA  ARG A  26)           0.146088        0.8539     0.85391
  366          H(ATOM    366  HB2 ARG A  26)           0.186715        0.8133     0.81328
  367          H(ATOM    367  HB3 ARG A  26)           0.148241        0.8518     0.85176
  368          H(ATOM    368  HG2 ARG A  26)           0.176798        0.8232     0.82320
  369          H(ATOM    369  HG3 ARG A  26)           0.156045        0.8440     0.84396
  370          H(ATOM    370  HD2 ARG A  26)           0.133708        0.8663     0.86629
  371          H(ATOM    371  HD3 ARG A  26)           0.181373        0.8186     0.81863
  372          H(ATOM    372  HE  ARG A  26)           0.312655        0.6873     0.68734
  373          H(ATOM    373 HH11 ARG A  26)           0.296768        0.7032     0.70323
  374          H(ATOM    374 HH12 ARG A  26)           0.301402        0.6986     0.69860
  375          H(ATOM    375 HH21 ARG A  26)           0.306855        0.6931     0.69315
  376          H(ATOM    376 HH22 ARG A  26)           0.300096        0.6999     0.69990
  377          N(ATOM    377  N   TYR A  27)          -0.467564        5.4676     1.48707     3.98050
  378          C(ATOM    378  CA  TYR A  27)          -0.007813        4.0078     1.10670     2.90111
  379          C(ATOM    379  C   TYR A  27)           0.547592        3.4524     1.07910     2.37331
  380          O(ATOM    380  O   TYR A  27)          -0.580625        6.5806     1.85914     4.72148
  381          C(ATOM    381  CB  TYR A  27)          -0.297766        4.2978     1.08846     3.20931
  382          C(ATOM    382  CG  TYR A  27)          -0.056945        4.0569     1.09276     2.96418
  383          C(ATOM    383  CD1 TYR A  27)          -0.083582        4.0836     1.10928     2.97430
  384          C(ATOM    384  CD2 TYR A  27)          -0.091947        4.0919     1.11322     2.97873
  385          C(ATOM    385  CE1 TYR A  27)          -0.326904        4.3269     1.11503     3.21187
  386          C(ATOM    386  CE2 TYR A  27)          -0.272719        4.2727     1.10957     3.16315
  387          C(ATOM    387  CZ  TYR A  27)           0.310895        3.6891     1.07732     2.61179
  388          O(ATOM    388  OH  TYR A  27)          -0.473861        6.4739     1.78335     4.69051
  389          H(ATOM    389  H   TYR A  27)           0.270413        0.7296     0.72959
  390          H(ATOM    390  HA  TYR A  27)           0.154326        0.8457     0.84567
  391          H(ATOM    391  HB2 TYR A  27)           0.178930        0.8211     0.82107
  392          H(ATOM    392  HB3 TYR A  27)           0.172555        0.8274     0.82745
  393          H(ATOM    393  HD1 TYR A  27)           0.148424        0.8516     0.85158
  394          H(ATOM    394  HD2 TYR A  27)           0.164798        0.8352     0.83520
  395          H(ATOM    395  HE1 TYR A  27)           0.169907        0.8301     0.83009
  396          H(ATOM    396  HE2 TYR A  27)           0.184406        0.8156     0.81559
  397          H(ATOM    397  HH  TYR A  27)           0.334205        0.6658     0.66580
  398          N(ATOM    398  N   GLY A  28)          -0.420327        5.4203     1.46993     3.95040
  399          C(ATOM    399  CA  GLY A  28)          -0.208304        4.2083     1.10375     3.10456
  400          C(ATOM    400  C   GLY A  28)           0.568317        3.4317     1.06962     2.36206
  401          O(ATOM    401  O   GLY A  28)          -0.672547        6.6725     1.85542     4.81713
  402          H(ATOM    402  H   GLY A  28)           0.275046        0.7250     0.72495
  403          H(ATOM    403  HA2 GLY A  28)           0.187157        0.8128     0.81284
  404          H(ATOM    404  HA3 GLY A  28)           0.190837        0.8092     0.80916
  405          N(ATOM    405  N   LYS A  29)          -0.403723        5.4037     1.47816     3.92556
  406          C(ATOM    406  CA  LYS A  29)          -0.032130        4.0321     1.10059     2.93154
  407          C(ATOM    407  C   LYS A  29)           0.560189        3.4398     1.06216     2.37765
  408          O(ATOM    408  O   LYS A  29)          -0.633490        6.6335     1.84742     4.78607
  409          C(ATOM    409  CB  LYS A  29)          -0.289964        4.2900     1.09246     3.19750
  410          C(ATOM    410  CG  LYS A  29)          -0.270471        4.2705     1.08752     3.18296
  411          C(ATOM    411  CD  LYS A  29)          -0.270668        4.2707     1.09118     3.17949
  412          C(ATOM    412  CE  LYS A  29)          -0.279532        4.2795     1.11169     3.16785
  413          N(ATOM    413  NZ  LYS A  29)          -0.004202        5.0042     1.36942     3.63479
  414          H(ATOM    414  H   LYS A  29)           0.310809        0.6892     0.68919
  415          H(ATOM    415  HA  LYS A  29)           0.169054        0.8309     0.83095
  416          H(ATOM    416  HB2 LYS A  29)           0.153213        0.8468     0.84679
  417          H(ATOM    417  HB3 LYS A  29)           0.181285        0.8187     0.81871
  418          H(ATOM    418  HG2 LYS A  29)           0.187650        0.8123     0.81235
  419          H(ATOM    419  HG3 LYS A  29)           0.133488        0.8665     0.86651
  420          H(ATOM    420  HD2 LYS A  29)           0.183844        0.8162     0.81616
  421          H(ATOM    421  HD3 LYS A  29)           0.155550        0.8444     0.84445
  422          H(ATOM    422  HE2 LYS A  29)           0.210242        0.7898     0.78976
  423          H(ATOM    423  HE3 LYS A  29)           0.183847        0.8162     0.81615
  424          H(ATOM    424  HZ1 LYS A  29)           0.275041        0.7250     0.72496
  425          H(ATOM    425  HZ2 LYS A  29)           0.239277        0.7607     0.76072
  426          H(ATOM    426  HZ3 LYS A  29)           0.243964        0.7560     0.75604
  427          N(ATOM    427  N   CYS A  30)          -0.396920        5.3969     1.47565     3.92126
  428          C(ATOM    428  CA  CYS A  30)          -0.040524        4.0405     1.09859     2.94193
  429          C(ATOM    429  C   CYS A  30)           0.563223        3.4368     1.06876     2.36801
  430          O(ATOM    430  O   CYS A  30)          -0.624181        6.6242     1.85887     4.76531
  431          C(ATOM    431  CB  CYS A  30)          -0.300864        4.3009     1.10898     3.19188
  432          S(ATOM    432  SG  CYS A  30)          -0.018808        6.0188     1.94031     3.95273     0.12577
  433          H(ATOM    433  H   CYS A  30)           0.318257        0.6817     0.68174
  434          H(ATOM    434  HA  CYS A  30)           0.176564        0.8234     0.82344
  435          H(ATOM    435  HB2 CYS A  30)           0.194703        0.8053     0.80530
  436          H(ATOM    436  HB3 CYS A  30)           0.211655        0.7883     0.78834
  437          N(ATOM    437  N   LEU A  31)          -0.393783        5.3938     1.46763     3.92615
  438          C(ATOM    438  CA  LEU A  31)          -0.026095        4.0261     1.10141     2.92468
  439          C(ATOM    439  C   LEU A  31)           0.565840        3.4342     1.07766     2.35650
  440          O(ATOM    440  O   LEU A  31)          -0.646607        6.6466     1.84916     4.79744
  441          C(ATOM    441  CB  LEU A  31)          -0.331554        4.3316     1.09975     3.23181
  442          C(ATOM    442  CG  LEU A  31)           0.045874        3.9541     1.07229     2.88184
  443          C(ATOM    443  CD1 LEU A  31)          -0.517958        4.5180     1.09118     3.42677
  444          C(ATOM    444  CD2 LEU A  31)          -0.503270        4.5033     1.08956     3.41371
  445          H(ATOM    445  H   LEU A  31)           0.303302        0.6967     0.69670
  446          H(ATOM    446  HA  LEU A  31)           0.167223        0.8328     0.83278
  447          H(ATOM    447  HB2 LEU A  31)           0.152775        0.8472     0.84722
  448          H(ATOM    448  HB3 LEU A  31)           0.155872        0.8441     0.84413
  449          H(ATOM    449  HG  LEU A  31)           0.132042        0.8680     0.86796
  450          H(ATOM    450 HD11 LEU A  31)           0.177385        0.8226     0.82261
  451          H(ATOM    451 HD12 LEU A  31)           0.131669        0.8683     0.86833
  452          H(ATOM    452 HD13 LEU A  31)           0.153903        0.8461     0.84610
  453          H(ATOM    453 HD21 LEU A  31)           0.172419        0.8276     0.82758
  454          H(ATOM    454 HD22 LEU A  31)           0.144161        0.8558     0.85584
  455          H(ATOM    455 HD23 LEU A  31)           0.137075        0.8629     0.86292
  456          N(ATOM    456  N   VAL A  32)          -0.408665        5.4087     1.47568     3.93299
  457          C(ATOM    457  CA  VAL A  32)          -0.081719        4.0817     1.11211     2.96961
  458          C(ATOM    458  C   VAL A  32)           0.549699        3.4503     1.07169     2.37861
  459          O(ATOM    459  O   VAL A  32)          -0.606179        6.6062     1.86009     4.74609
  460          C(ATOM    460  CB  VAL A  32)          -0.019948        4.0199     1.08003     2.93992
  461          C(ATOM    461  CG1 VAL A  32)          -0.488263        4.4883     1.08951     3.39876
  462          C(ATOM    462  CG2 VAL A  32)          -0.503385        4.5034     1.09020     3.41319
  463          H(ATOM    463  H   VAL A  32)           0.270718        0.7293     0.72928
  464          H(ATOM    464  HA  VAL A  32)           0.166526        0.8335     0.83347
  465          H(ATOM    465  HB  VAL A  32)           0.123596        0.8764     0.87640
  466          H(ATOM    466 HG11 VAL A  32)           0.180105        0.8199     0.81990
  467          H(ATOM    467 HG12 VAL A  32)           0.158415        0.8416     0.84159
  468          H(ATOM    468 HG13 VAL A  32)           0.143239        0.8568     0.85676
  469          H(ATOM    469 HG21 VAL A  32)           0.160065        0.8399     0.83994
  470          H(ATOM    470 HG22 VAL A  32)           0.165348        0.8347     0.83465
  471          H(ATOM    471 HG23 VAL A  32)           0.179270        0.8207     0.82073
  472          N(ATOM    472  N   ARG A  33)          -0.430440        5.4304     1.47759     3.95285
  473          C(ATOM    473  CA  ARG A  33)          -0.091971        4.0920     1.11789     2.97408
  474          C(ATOM    474  C   ARG A  33)           0.723367        3.2766     1.04597     2.23066
  475          O(ATOM    475  O   ARG A  33)          -0.712800        6.7128     1.86583     4.84697
  476          C(ATOM    476  CB  ARG A  33)          -0.257758        4.2578     1.08598     3.17178
  477          C(ATOM    477  CG  ARG A  33)          -0.271584        4.2716     1.08920     3.18239
  478          C(ATOM    478  CD  ARG A  33)          -0.122154        4.1222     1.09493     3.02722
  479          N(ATOM    479  NE  ARG A  33)          -0.367514        5.3675     1.45671     3.91080
  480          C(ATOM    480  CZ  ARG A  33)           0.469122        3.5309     1.00171     2.52917
  481          N(ATOM    481  NH1 ARG A  33)          -0.464492        5.4645     1.42214     4.04236
  482          N(ATOM    482  NH2 ARG A  33)          -0.464107        5.4641     1.42476     4.03935
  483          H(ATOM    483  H   ARG A  33)           0.290752        0.7092     0.70925
  484          H(ATOM    484  HA  ARG A  33)           0.128112        0.8719     0.87189
  485          H(ATOM    485  HB2 ARG A  33)           0.131940        0.8681     0.86806
  486          H(ATOM    486  HB3 ARG A  33)           0.163389        0.8366     0.83661
  487          H(ATOM    487  HG2 ARG A  33)           0.193279        0.8067     0.80672
  488          H(ATOM    488  HG3 ARG A  33)           0.151993        0.8480     0.84801
  489          H(ATOM    489  HD2 ARG A  33)           0.140978        0.8590     0.85902
  490          H(ATOM    490  HD3 ARG A  33)           0.157355        0.8426     0.84264
  491          H(ATOM    491  HE  ARG A  33)           0.304660        0.6953     0.69534
  492          H(ATOM    492 HH11 ARG A  33)           0.298242        0.7018     0.70176
  493          H(ATOM    493 HH12 ARG A  33)           0.299556        0.7004     0.70044
  494          H(ATOM    494 HH21 ARG A  33)           0.304839        0.6952     0.69516
  495          H(ATOM    495 HH22 ARG A  33)           0.299949        0.7001     0.70005
  496          O(ATOM    496  OXT ARG A  33)          -0.787774        6.7878     1.86437     4.92340

          NET CHARGE ON RESIDUES

      Residue         Charge  Anion or
                              Cation?
      ASP A   1       -0.092
      CYS A   2       +0.043
      GLY A   3       +0.011
      HIS A   4       +0.030
      LEU A   5       -0.034
      HIS A   6       -0.050
      ASP A   7       -0.895  ANION
      PRO A   8       +0.036
      CYS A   9       -0.048
      PRO A  10       +0.026
      ASN A  11       -0.094
      ASP A  12       -0.908  ANION
      ARG A  13       +0.968  CATION
      PRO A  14       -0.010
      GLY A  15       +0.009
      HIS A  16       -0.025
      ARG A  17       +1.007  CATION
      THR A  18       -0.001
      CYS A  19       -0.060
      CYS A  20       -0.023
      ILE A  21       +0.047
      GLY A  22       -0.085
      LEU A  23       +0.025
      GLN A  24       +0.020
      CYS A  25       -0.013
      ARG A  26       +1.037  CATION
      TYR A  27       -0.023
      GLY A  28       -0.080
      LYS A  29       +1.003  CATION
      CYS A  30       +0.083
      LEU A  31       +0.020
      VAL A  32       -0.011
      ARG A  33       +0.087



                   Salt Bridges Found (Up to 8.0 Angstroms)

     No.          Cationic site                            Anionic site                Dist. (Angstroms)

      1  (ATOM    232  NH1 ARG A  17)   A17(+)    (ATOM    156  OD2 ASP A  12)   A12(-)      4.17
      2  (ATOM    360  NE  ARG A  26)   A26(+)    (ATOM    156  OD2 ASP A  12)   A12(-)      7.73


 DIPOLE           X         Y         Z       TOTAL
 POINT-CHG.    61.713    26.632    48.284    82.759
 HYBRID         2.073    -0.250     2.153     2.999
 SUM           63.786    26.382    50.438    85.490


          ATOMIC ORBITAL ELECTRON POPULATIONS

                   Atom                  s        px        py        pz      x^2-y^2     xz        z^2       yz        xy
   N(ATOM      1  N   ASP A   1)   1.37314   1.25980   1.21461   1.16773
   C(ATOM      2  CA  ASP A   1)   1.11753   1.00928   1.17184   0.90112
   C(ATOM      3  C   ASP A   1)   1.05581   0.86015   0.80137   0.76033
   O(ATOM      4  O   ASP A   1)   1.85593   1.49223   1.62718   1.58387
   C(ATOM      5  CB  ASP A   1)   1.12399   1.11044   1.12343   1.12457
   C(ATOM      6  CG  ASP A   1)   1.04402   0.73181   0.76536   0.71791
   O(ATOM      7  OD1 ASP A   1)   1.86426   1.65705   1.83980   1.37556
   O(ATOM      8  OD2 ASP A   1)   1.86934   1.79305   1.34924   1.71930
   H(ATOM      9  H1  ASP A   1)   0.69086
   H(ATOM     10  HA  ASP A   1)   0.77105
   H(ATOM     11  HB2 ASP A   1)   0.83227
   H(ATOM     12  HB3 ASP A   1)   0.81954
   H(ATOM     13  H2  ASP A   1)   0.76201
   H(ATOM     14  H3  ASP A   1)   0.75505
   N(ATOM     15  N   CYS A   2)   1.46816   1.15463   1.13837   1.63209
   C(ATOM     16  CA  CYS A   2)   1.10081   0.92940   0.97718   1.03063
   C(ATOM     17  C   CYS A   2)   1.06744   0.79379   0.76293   0.84901
   O(ATOM     18  O   CYS A   2)   1.86010   1.52475   1.60550   1.56292
   C(ATOM     19  CB  CYS A   2)   1.11276   1.13016   1.01256   1.11268
   S(ATOM     20  SG  CYS A   2)   1.94347   1.54935   1.04435   1.29941   0.02268   0.00996   0.02317   0.03348   0.04456
   H(ATOM     21  H   CYS A   2)   0.70790
   H(ATOM     22  HA  CYS A   2)   0.82013
   H(ATOM     23  HB2 CYS A   2)   0.81742
   H(ATOM     24  HB3 CYS A   2)   0.81495
   N(ATOM     25  N   GLY A   3)   1.46297   1.15106   1.53088   1.24052
   C(ATOM     26  CA  GLY A   3)   1.09926   1.16121   0.99119   0.95958
   C(ATOM     27  C   GLY A   3)   1.07353   0.71056   0.85023   0.77908
   O(ATOM     28  O   GLY A   3)   1.85723   1.65358   1.77488   1.38249
   H(ATOM     29  H   GLY A   3)   0.71695
   H(ATOM     30  HA2 GLY A   3)   0.79276
   H(ATOM     31  HA3 GLY A   3)   0.80127
   N(ATOM     32  N   HIS A   4)   1.47918   1.62843   1.10250   1.21821
   C(ATOM     33  CA  HIS A   4)   1.09806   1.03636   0.87131   1.00494
   C(ATOM     34  C   HIS A   4)   1.09169   0.85622   0.77701   0.73558
   O(ATOM     35  O   HIS A   4)   1.85817   1.48391   1.65282   1.58475
   C(ATOM     36  CB  HIS A   4)   1.08120   1.11754   1.11103   0.96143
   C(ATOM     37  CG  HIS A   4)   1.07056   0.97302   1.08397   0.96934
   N(ATOM     38  ND1 HIS A   4)   1.44411   1.18104   1.30638   1.22875
   C(ATOM     39  CD2 HIS A   4)   1.10619   0.94840   1.05155   1.01390
   C(ATOM     40  CE1 HIS A   4)   1.10433   0.82812   1.04218   1.04849
   N(ATOM     41  NE2 HIS A   4)   1.73241   1.31994   1.15432   1.10846
   H(ATOM     42  H   HIS A   4)   0.66926
   H(ATOM     43  HA  HIS A   4)   0.84144
   H(ATOM     44  HB2 HIS A   4)   0.83128
   H(ATOM     45  HB3 HIS A   4)   0.85103
   H(ATOM     46  HD1 HIS A   4)   0.67243
   H(ATOM     47  HD2 HIS A   4)   0.83080
   H(ATOM     48  HE1 HIS A   4)   0.80837
   N(ATOM     49  N   LEU A   5)   1.49131   1.24906   1.14052   1.61226
   C(ATOM     50  CA  LEU A   5)   1.11055   0.87063   0.95568   1.09233
   C(ATOM     51  C   LEU A   5)   1.07691   0.86044   0.71744   0.78214
   O(ATOM     52  O   LEU A   5)   1.85528   1.51183   1.59960   1.62445
   C(ATOM     53  CB  LEU A   5)   1.10061   1.12058   0.96147   1.16495
   C(ATOM     54  CG  LEU A   5)   1.07066   0.96767   0.93167   0.99455
   C(ATOM     55  CD1 LEU A   5)   1.09179   1.15445   1.17727   1.08788
   C(ATOM     56  CD2 LEU A   5)   1.08947   1.17669   1.06154   1.17090
   H(ATOM     57  H   LEU A   5)   0.72657
   H(ATOM     58  HA  LEU A   5)   0.81822
   H(ATOM     59  HB2 LEU A   5)   0.83915
   H(ATOM     60  HB3 LEU A   5)   0.85112
   H(ATOM     61  HG  LEU A   5)   0.87789
   H(ATOM     62 HD11 LEU A   5)   0.84193
   H(ATOM     63 HD12 LEU A   5)   0.83679
   H(ATOM     64 HD13 LEU A   5)   0.85160
   H(ATOM     65 HD21 LEU A   5)   0.84452
   H(ATOM     66 HD22 LEU A   5)   0.84516
   H(ATOM     67 HD23 LEU A   5)   0.82843
   N(ATOM     68  N   HIS A   6)   1.47716   1.17419   1.65710   1.14080
   C(ATOM     69  CA  HIS A   6)   1.10466   0.92922   0.97343   1.04112
   C(ATOM     70  C   HIS A   6)   1.07465   0.76932   0.84885   0.76662
   O(ATOM     71  O   HIS A   6)   1.85842   1.47831   1.80645   1.45765
   C(ATOM     72  CB  HIS A   6)   1.08239   1.17077   0.95584   1.05263
   C(ATOM     73  CG  HIS A   6)   1.08286   0.99467   0.98634   0.99480
   N(ATOM     74  ND1 HIS A   6)   1.42567   1.32338   1.12939   1.29563
   C(ATOM     75  CD2 HIS A   6)   1.10837   1.05875   0.90816   1.05047
   C(ATOM     76  CE1 HIS A   6)   1.10434   1.04197   0.84469   1.06068
   N(ATOM     77  NE2 HIS A   6)   1.72785   1.12343   1.32666   1.11085
   H(ATOM     78  H   HIS A   6)   0.72353
   H(ATOM     79  HA  HIS A   6)   0.80308
   H(ATOM     80  HB2 HIS A   6)   0.83178
   H(ATOM     81  HB3 HIS A   6)   0.82052
   H(ATOM     82  HD1 HIS A   6)   0.72588
   H(ATOM     83  HD2 HIS A   6)   0.81563
   H(ATOM     84  HE1 HIS A   6)   0.81080
   N(ATOM     85  N   ASP A   7)   1.47630   1.35065   1.15343   1.44204
   C(ATOM     86  CA  ASP A   7)   1.09618   0.94157   0.82419   1.09998
   C(ATOM     87  C   ASP A   7)   1.09237   0.81647   0.78939   0.74097
   O(ATOM     88  O   ASP A   7)   1.84394   1.60051   1.78803   1.43464
   C(ATOM     89  CB  ASP A   7)   1.12073   1.05718   1.16436   1.16827
   C(ATOM     90  CG  ASP A   7)   1.04017   0.78043   0.68723   0.75521
   O(ATOM     91  OD1 ASP A   7)   1.86444   1.86351   1.59494   1.42626
   O(ATOM     92  OD2 ASP A   7)   1.86109   1.47308   1.63430   1.78431
   H(ATOM     93  H   ASP A   7)   0.70668
   H(ATOM     94  HA  ASP A   7)   0.81400
   H(ATOM     95  HB2 ASP A   7)   0.80002
   H(ATOM     96  HB3 ASP A   7)   0.80854
   N(ATOM     97  N   PRO A   8)   1.48557   1.37112   1.19330   1.28519
   C(ATOM     98  CA  PRO A   8)   1.10062   1.01274   0.94305   0.98000
   C(ATOM     99  C   PRO A   8)   1.08476   0.80540   0.76145   0.81448
   O(ATOM    100  O   PRO A   8)   1.85836   1.32156   1.59258   1.78631
   C(ATOM    101  CB  PRO A   8)   1.09064   1.06921   1.09303   1.02132
   C(ATOM    102  CG  PRO A   8)   1.09155   1.01434   1.03715   1.13177
   C(ATOM    103  CD  PRO A   8)   1.08651   1.07718   1.00756   0.93033
   H(ATOM    104  HA  PRO A   8)   0.85379
   H(ATOM    105  HB2 PRO A   8)   0.85428
   H(ATOM    106  HB3 PRO A   8)   0.85162
   H(ATOM    107  HG2 PRO A   8)   0.83159
   H(ATOM    108  HG3 PRO A   8)   0.84672
   H(ATOM    109  HD2 PRO A   8)   0.82677
   H(ATOM    110  HD3 PRO A   8)   0.85181
   N(ATOM    111  N   CYS A   9)   1.48112   1.19513   1.51074   1.27336
   C(ATOM    112  CA  CYS A   9)   1.10007   1.11432   0.93245   0.86689
   C(ATOM    113  C   CYS A   9)   1.08231   0.79431   0.82894   0.76939
   O(ATOM    114  O   CYS A   9)   1.85977   1.44381   1.79824   1.44697
   C(ATOM    115  CB  CYS A   9)   1.11335   1.02191   1.09463   1.08133
   S(ATOM    116  SG  CYS A   9)   1.93742   1.28747   1.59551   1.14092   0.02488   0.03143   0.02927   0.01256   0.03303
   H(ATOM    117  H   CYS A   9)   0.72211
   H(ATOM    118  HA  CYS A   9)   0.81214
   H(ATOM    119  HB2 CYS A   9)   0.80175
   H(ATOM    120  HB3 CYS A   9)   0.81077
   N(ATOM    121  N   PRO A  10)   1.49559   1.39226   1.21625   1.27837
   C(ATOM    122  CA  PRO A  10)   1.10795   1.06342   0.86577   0.99822
   C(ATOM    123  C   PRO A  10)   1.07819   0.78108   0.81111   0.80164
   O(ATOM    124  O   PRO A  10)   1.85839   1.57500   1.47201   1.61792
   C(ATOM    125  CB  PRO A  10)   1.09260   1.03646   1.14103   1.00681
   C(ATOM    126  CG  PRO A  10)   1.09125   1.04514   1.01897   1.12884
   C(ATOM    127  CD  PRO A  10)   1.08509   1.02644   1.05348   0.94352
   H(ATOM    128  HA  PRO A  10)   0.81773
   H(ATOM    129  HB2 PRO A  10)   0.82834
   H(ATOM    130  HB3 PRO A  10)   0.84276
   H(ATOM    131  HG2 PRO A  10)   0.85619
   H(ATOM    132  HG3 PRO A  10)   0.84110
   H(ATOM    133  HD2 PRO A  10)   0.84892
   H(ATOM    134  HD3 PRO A  10)   0.85566
   N(ATOM    135  N   ASN A  11)   1.48074   1.19602   1.38991   1.40477
   C(ATOM    136  CA  ASN A  11)   1.09879   0.99791   1.02019   0.88324
   C(ATOM    137  C   ASN A  11)   1.08160   0.79173   0.76479   0.84978
   O(ATOM    138  O   ASN A  11)   1.85869   1.42867   1.69787   1.60843
   C(ATOM    139  CB  ASN A  11)   1.10629   1.06479   1.11230   1.14591
   C(ATOM    140  CG  ASN A  11)   1.04944   0.73150   0.83146   0.80731
   O(ATOM    141  OD1 ASN A  11)   1.85188   1.55126   1.34781   1.80528
   N(ATOM    142  ND2 ASN A  11)   1.45945   1.64769   1.23937   1.18804
   H(ATOM    143  H   ASN A  11)   0.73053
   H(ATOM    144  HA  ASN A  11)   0.80187
   H(ATOM    145  HB2 ASN A  11)   0.83458
   H(ATOM    146  HB3 ASN A  11)   0.78981
   H(ATOM    147 HD21 ASN A  11)   0.73519
   H(ATOM    148 HD22 ASN A  11)   0.70925
   N(ATOM    149  N   ASP A  12)   1.48114   1.28562   1.40091   1.23726
   C(ATOM    150  CA  ASP A  12)   1.09361   1.11120   0.94763   0.84041
   C(ATOM    151  C   ASP A  12)   1.08370   0.77503   0.79928   0.80983
   O(ATOM    152  O   ASP A  12)   1.86042   1.39401   1.51967   1.80016
   C(ATOM    153  CB  ASP A  12)   1.11691   1.12630   1.04823   1.18928
   C(ATOM    154  CG  ASP A  12)   1.04185   0.75427   0.71857   0.73288
   O(ATOM    155  OD1 ASP A  12)   1.86231   1.38471   1.74574   1.82271
   O(ATOM    156  OD2 ASP A  12)   1.86393   1.68243   1.70285   1.53166
   H(ATOM    157  H   ASP A  12)   0.70705
   H(ATOM    158  HA  ASP A  12)   0.82389
   H(ATOM    159  HB2 ASP A  12)   0.80493
   H(ATOM    160  HB3 ASP A  12)   0.80799
   N(ATOM    161  N   ARG A  13)   1.47641   1.34999   1.40283   1.21005
   C(ATOM    162  CA  ARG A  13)   1.09482   1.10486   0.92416   0.88818
   C(ATOM    163  C   ARG A  13)   1.08085   0.77523   0.76679   0.83511
   O(ATOM    164  O   ARG A  13)   1.85990   1.39626   1.49223   1.86032
   C(ATOM    165  CB  ARG A  13)   1.09235   1.02343   1.02622   1.14980
   C(ATOM    166  CG  ARG A  13)   1.08985   0.99791   0.98960   1.19659
   C(ATOM    167  CD  ARG A  13)   1.09377   1.12154   1.03677   0.85897
   N(ATOM    168  NE  ARG A  13)   1.45353   1.40190   1.33416   1.19609
   C(ATOM    169  CZ  ARG A  13)   1.00232   0.84199   0.85048   0.82451
   N(ATOM    170  NH1 ARG A  13)   1.42194   1.45223   1.43502   1.14275
   N(ATOM    171  NH2 ARG A  13)   1.42463   1.47295   1.45379   1.11175
   H(ATOM    172  H   ARG A  13)   0.70221
   H(ATOM    173  HA  ARG A  13)   0.83031
   H(ATOM    174  HB2 ARG A  13)   0.86761
   H(ATOM    175  HB3 ARG A  13)   0.82400
   H(ATOM    176  HG2 ARG A  13)   0.78905
   H(ATOM    177  HG3 ARG A  13)   0.83150
   H(ATOM    178  HD2 ARG A  13)   0.83803
   H(ATOM    179  HD3 ARG A  13)   0.84653
   H(ATOM    180  HE  ARG A  13)   0.69947
   H(ATOM    181 HH11 ARG A  13)   0.69879
   H(ATOM    182 HH12 ARG A  13)   0.69649
   H(ATOM    183 HH21 ARG A  13)   0.69722
   H(ATOM    184 HH22 ARG A  13)   0.69624
   N(ATOM    185  N   PRO A  14)   1.48332   1.31960   1.44572   1.08564
   C(ATOM    186  CA  PRO A  14)   1.10129   0.97424   1.07899   0.89052
   C(ATOM    187  C   PRO A  14)   1.08002   0.86428   0.78876   0.72972
   O(ATOM    188  O   PRO A  14)   1.86081   1.78778   1.37772   1.56755
   C(ATOM    189  CB  PRO A  14)   1.09178   1.07253   1.05929   1.05228
   C(ATOM    190  CG  PRO A  14)   1.09090   1.13885   1.05938   0.98181
   C(ATOM    191  CD  PRO A  14)   1.08524   0.96081   1.01923   1.03785
   H(ATOM    192  HA  PRO A  14)   0.85318
   H(ATOM    193  HB2 PRO A  14)   0.83871
   H(ATOM    194  HB3 PRO A  14)   0.84566
   H(ATOM    195  HG2 PRO A  14)   0.83988
   H(ATOM    196  HG3 PRO A  14)   0.84178
   H(ATOM    197  HD2 PRO A  14)   0.85405
   H(ATOM    198  HD3 PRO A  14)   0.85098
   N(ATOM    199  N   GLY A  15)   1.46948   1.10930   1.21708   1.61982
   C(ATOM    200  CA  GLY A  15)   1.10622   0.82813   1.20247   1.08702
   C(ATOM    201  C   GLY A  15)   1.06821   0.80964   0.74502   0.81818
   O(ATOM    202  O   GLY A  15)   1.85834   1.35916   1.49324   1.84606
   H(ATOM    203  H   GLY A  15)   0.73272
   H(ATOM    204  HA2 GLY A  15)   0.81338
   H(ATOM    205  HA3 GLY A  15)   0.80747
   N(ATOM    206  N   HIS A  16)   1.47766   1.22951   1.64350   1.09101
   C(ATOM    207  CA  HIS A  16)   1.10085   1.02819   1.03501   0.86875
   C(ATOM    208  C   HIS A  16)   1.07228   0.77830   0.79886   0.81598
   O(ATOM    209  O   HIS A  16)   1.85789   1.54758   1.67444   1.49072
   C(ATOM    210  CB  HIS A  16)   1.08109   1.04909   1.03493   1.09528
   C(ATOM    211  CG  HIS A  16)   1.07925   0.87244   1.04734   1.06666
   N(ATOM    212  ND1 HIS A  16)   1.42321   1.11915   1.30073   1.31516
   C(ATOM    213  CD2 HIS A  16)   1.10131   0.99123   1.04964   1.00573
   C(ATOM    214  CE1 HIS A  16)   1.10871   1.03793   0.94056   0.92739
   N(ATOM    215  NE2 HIS A  16)   1.72817   1.05220   1.24283   1.27178
   H(ATOM    216  H   HIS A  16)   0.70526
   H(ATOM    217  HA  HIS A  16)   0.82748
   H(ATOM    218  HB2 HIS A  16)   0.84317
   H(ATOM    219  HB3 HIS A  16)   0.83190
   H(ATOM    220  HD1 HIS A  16)   0.72745
   H(ATOM    221  HD2 HIS A  16)   0.83959
   H(ATOM    222  HE1 HIS A  16)   0.79750
   N(ATOM    223  N   ARG A  17)   1.47599   1.48796   1.12096   1.32950
   C(ATOM    224  CA  ARG A  17)   1.09987   1.02263   0.99381   0.91169
   C(ATOM    225  C   ARG A  17)   1.07888   0.83687   0.75067   0.82979
   O(ATOM    226  O   ARG A  17)   1.85722   1.33271   1.53305   1.83812
   C(ATOM    227  CB  ARG A  17)   1.09101   1.07280   1.03209   1.07760
   C(ATOM    228  CG  ARG A  17)   1.08774   0.99611   1.09693   1.07003
   C(ATOM    229  CD  ARG A  17)   1.09911   1.08668   0.81652   1.11818
   N(ATOM    230  NE  ARG A  17)   1.45481   1.14843   1.20807   1.57271
   C(ATOM    231  CZ  ARG A  17)   1.00271   0.83841   0.83753   0.85143
   N(ATOM    232  NH1 ARG A  17)   1.43041   1.10947   1.33856   1.58589
   N(ATOM    233  NH2 ARG A  17)   1.42913   1.21378   1.21816   1.62462
   H(ATOM    234  H   ARG A  17)   0.72321
   H(ATOM    235  HA  ARG A  17)   0.80657
   H(ATOM    236  HB2 ARG A  17)   0.85346
   H(ATOM    237  HB3 ARG A  17)   0.82645
   H(ATOM    238  HG2 ARG A  17)   0.80126
   H(ATOM    239  HG3 ARG A  17)   0.86807
   H(ATOM    240  HD2 ARG A  17)   0.79523
   H(ATOM    241  HD3 ARG A  17)   0.83969
   H(ATOM    242  HE  ARG A  17)   0.70858
   H(ATOM    243 HH11 ARG A  17)   0.67665
   H(ATOM    244 HH12 ARG A  17)   0.68898
   H(ATOM    245 HH21 ARG A  17)   0.69857
   H(ATOM    246 HH22 ARG A  17)   0.69727
   N(ATOM    247  N   THR A  18)   1.47766   1.21837   1.63207   1.10431
   C(ATOM    248  CA  THR A  18)   1.12006   1.07367   1.00828   0.91617
   C(ATOM    249  C   THR A  18)   1.07491   0.72753   0.86045   0.78478
   O(ATOM    250  O   THR A  18)   1.85291   1.55064   1.77311   1.42650
   C(ATOM    251  CB  THR A  18)   1.08636   0.84082   0.90384   0.96388
   O(ATOM    252  OG1 THR A  18)   1.80876   1.43696   1.55058   1.77113
   C(ATOM    253  CG2 THR A  18)   1.09115   1.19356   1.04130   1.19003
   H(ATOM    254  H   THR A  18)   0.69854
   H(ATOM    255  HA  THR A  18)   0.80832
   H(ATOM    256  HB  THR A  18)   0.86552
   H(ATOM    257  HG1 THR A  18)   0.66583
   H(ATOM    258 HG21 THR A  18)   0.81737
   H(ATOM    259 HG22 THR A  18)   0.82561
   H(ATOM    260 HG23 THR A  18)   0.84010
   N(ATOM    261  N   CYS A  19)   1.47337   1.60883   1.09749   1.22155
   C(ATOM    262  CA  CYS A  19)   1.10084   0.96908   0.84279   1.11778
   C(ATOM    263  C   CYS A  19)   1.07919   0.82208   0.76960   0.81310
   O(ATOM    264  O   CYS A  19)   1.85952   1.73460   1.60661   1.35518
   C(ATOM    265  CB  CYS A  19)   1.10642   0.96231   1.16812   1.06589
   S(ATOM    266  SG  CYS A  19)   1.93889   1.18077   1.37592   1.50269   0.02553   0.05480   0.00659   0.02771   0.01196
   H(ATOM    267  H   CYS A  19)   0.72067
   H(ATOM    268  HA  CYS A  19)   0.80398
   H(ATOM    269  HB2 CYS A  19)   0.82241
   H(ATOM    270  HB3 CYS A  19)   0.81369
   N(ATOM    271  N   CYS A  20)   1.47815   1.33197   1.32250   1.29901
   C(ATOM    272  CA  CYS A  20)   1.10015   0.89858   1.05915   0.95345
   C(ATOM    273  C   CYS A  20)   1.08362   0.78801   0.76096   0.81822
   O(ATOM    274  O   CYS A  20)   1.85830   1.35756   1.68369   1.69345
   C(ATOM    275  CB  CYS A  20)   1.11870   0.98129   1.14160   1.14401
   S(ATOM    276  SG  CYS A  20)   1.93967   1.08399   1.36561   1.51640   0.04011   0.00816   0.03657   0.02314   0.03377
   H(ATOM    277  H   CYS A  20)   0.69808
   H(ATOM    278  HA  CYS A  20)   0.82025
   H(ATOM    279  HB2 CYS A  20)   0.77868
   H(ATOM    280  HB3 CYS A  20)   0.80589
   N(ATOM    281  N   ILE A  21)   1.47894   1.18925   1.43905   1.32435
   C(ATOM    282  CA  ILE A  21)   1.10820   1.05006   0.96056   0.94747
   C(ATOM    283  C   ILE A  21)   1.08072   0.77353   0.81132   0.79685
   O(ATOM    284  O   ILE A  21)   1.85825   1.70747   1.63227   1.33369
   C(ATOM    285  CB  ILE A  21)   1.09096   0.94105   1.05961   0.96572
   C(ATOM    286  CG1 ILE A  21)   1.08530   1.05388   1.11323   1.01192
   C(ATOM    287  CG2 ILE A  21)   1.08698   1.14554   1.14260   1.10468
   C(ATOM    288  CD1 ILE A  21)   1.08192   1.06180   1.17148   1.13221
   H(ATOM    289  H   ILE A  21)   0.71398
   H(ATOM    290  HA  ILE A  21)   0.85199
   H(ATOM    291  HB  ILE A  21)   0.86012
   H(ATOM    292 HG12 ILE A  21)   0.86115
   H(ATOM    293 HG13 ILE A  21)   0.88256
   H(ATOM    294 HG21 ILE A  21)   0.82875
   H(ATOM    295 HG22 ILE A  21)   0.83464
   H(ATOM    296 HG23 ILE A  21)   0.84351
   H(ATOM    297 HD11 ILE A  21)   0.83897
   H(ATOM    298 HD12 ILE A  21)   0.85120
   H(ATOM    299 HD13 ILE A  21)   0.84534
   N(ATOM    300  N   GLY A  22)   1.47510   1.37747   1.39149   1.21576
   C(ATOM    301  CA  GLY A  22)   1.10345   0.97242   0.99011   1.14495
   C(ATOM    302  C   GLY A  22)   1.06999   0.82412   0.78213   0.76630
   O(ATOM    303  O   GLY A  22)   1.85598   1.52434   1.57269   1.65076
   H(ATOM    304  H   GLY A  22)   0.74035
   H(ATOM    305  HA2 GLY A  22)   0.83228
   H(ATOM    306  HA3 GLY A  22)   0.79536
   N(ATOM    307  N   LEU A  23)   1.47530   1.29152   1.16131   1.48095
   C(ATOM    308  CA  LEU A  23)   1.09786   0.95482   1.04915   0.92112
   C(ATOM    309  C   LEU A  23)   1.08537   0.79817   0.78503   0.77944
   O(ATOM    310  O   LEU A  23)   1.85844   1.80162   1.61774   1.37227
   C(ATOM    311  CB  LEU A  23)   1.09809   1.12408   1.11653   1.01418
   C(ATOM    312  CG  LEU A  23)   1.06990   0.98952   0.93037   0.97369
   C(ATOM    313  CD1 LEU A  23)   1.08837   1.15517   1.15191   1.11312
   C(ATOM    314  CD2 LEU A  23)   1.08882   1.15236   1.10419   1.17025
   H(ATOM    315  H   LEU A  23)   0.70508
   H(ATOM    316  HA  LEU A  23)   0.81054
   H(ATOM    317  HB2 LEU A  23)   0.83566
   H(ATOM    318  HB3 LEU A  23)   0.83205
   H(ATOM    319  HG  LEU A  23)   0.86979
   H(ATOM    320 HD11 LEU A  23)   0.84264
   H(ATOM    321 HD12 LEU A  23)   0.83061
   H(ATOM    322 HD13 LEU A  23)   0.85616
   H(ATOM    323 HD21 LEU A  23)   0.83565
   H(ATOM    324 HD22 LEU A  23)   0.84409
   H(ATOM    325 HD23 LEU A  23)   0.84233
   N(ATOM    326  N   GLN A  24)   1.48297   1.18671   1.43852   1.33173
   C(ATOM    327  CA  GLN A  24)   1.09654   0.92102   0.99563   1.00597
   C(ATOM    328  C   GLN A  24)   1.07237   0.76271   0.78491   0.82677
   O(ATOM    329  O   GLN A  24)   1.85392   1.56212   1.64401   1.49447
   C(ATOM    330  CB  GLN A  24)   1.09178   0.95636   1.11475   1.11134
   C(ATOM    331  CG  GLN A  24)   1.10404   1.05704   1.15603   1.09947
   C(ATOM    332  CD  GLN A  24)   1.05873   0.75665   0.79009   0.82902
   O(ATOM    333  OE1 GLN A  24)   1.84950   1.61860   1.62671   1.60468
   N(ATOM    334  NE2 GLN A  24)   1.45652   1.55199   1.15870   1.29871
   H(ATOM    335  H   GLN A  24)   0.67064
   H(ATOM    336  HA  GLN A  24)   0.86800
   H(ATOM    337  HB2 GLN A  24)   0.85485
   H(ATOM    338  HB3 GLN A  24)   0.80569
   H(ATOM    339  HG2 GLN A  24)   0.80544
   H(ATOM    340  HG3 GLN A  24)   0.82698
   H(ATOM    341 HE21 GLN A  24)   0.68671
   H(ATOM    342 HE22 GLN A  24)   0.71021
   N(ATOM    343  N   CYS A  25)   1.47403   1.44938   1.15032   1.36407
   C(ATOM    344  CA  CYS A  25)   1.09903   0.90161   0.98252   1.03110
   C(ATOM    345  C   CYS A  25)   1.08301   0.85888   0.70758   0.78938
   O(ATOM    346  O   CYS A  25)   1.85785   1.82775   1.61751   1.34744
   C(ATOM    347  CB  CYS A  25)   1.11317   1.12799   0.97494   1.13792
   S(ATOM    348  SG  CYS A  25)   1.94104   1.43020   1.56109   0.91924   0.00303   0.03545   0.04000   0.03724   0.01717
   H(ATOM    349  H   CYS A  25)   0.73699
   H(ATOM    350  HA  CYS A  25)   0.80388
   H(ATOM    351  HB2 CYS A  25)   0.80028
   H(ATOM    352  HB3 CYS A  25)   0.79231
   N(ATOM    353  N   ARG A  26)   1.48530   1.07923   1.61899   1.25222
   C(ATOM    354  CA  ARG A  26)   1.09883   0.85991   1.05352   0.99882
   C(ATOM    355  C   ARG A  26)   1.07998   0.79635   0.72374   0.88368
   O(ATOM    356  O   ARG A  26)   1.85231   1.64586   1.54450   1.49300
   C(ATOM    357  CB  ARG A  26)   1.09080   1.13776   1.06948   0.99379
   C(ATOM    358  CG  ARG A  26)   1.08689   1.15049   1.04812   0.98100
   C(ATOM    359  CD  ARG A  26)   1.09213   1.13022   1.11281   0.77083
   N(ATOM    360  NE  ARG A  26)   1.44971   1.30993   1.48345   1.12835
   C(ATOM    361  CZ  ARG A  26)   1.00224   0.83473   0.85364   0.82820
   N(ATOM    362  NH1 ARG A  26)   1.42342   1.37854   1.39182   1.26847
   N(ATOM    363  NH2 ARG A  26)   1.42533   1.42330   1.44805   1.16432
   H(ATOM    364  H   ARG A  26)   0.66593
   H(ATOM    365  HA  ARG A  26)   0.85391
   H(ATOM    366  HB2 ARG A  26)   0.81328
   H(ATOM    367  HB3 ARG A  26)   0.85176
   H(ATOM    368  HG2 ARG A  26)   0.82320
   H(ATOM    369  HG3 ARG A  26)   0.84396
   H(ATOM    370  HD2 ARG A  26)   0.86629
   H(ATOM    371  HD3 ARG A  26)   0.81863
   H(ATOM    372  HE  ARG A  26)   0.68734
   H(ATOM    373 HH11 ARG A  26)   0.70323
   H(ATOM    374 HH12 ARG A  26)   0.69860
   H(ATOM    375 HH21 ARG A  26)   0.69315
   H(ATOM    376 HH22 ARG A  26)   0.69990
   N(ATOM    377  N   TYR A  27)   1.48707   1.16241   1.67069   1.14740
   C(ATOM    378  CA  TYR A  27)   1.10670   1.02156   1.02744   0.85211
   C(ATOM    379  C   TYR A  27)   1.07910   0.76168   0.76770   0.84393
   O(ATOM    380  O   TYR A  27)   1.85914   1.68890   1.71024   1.32234
   C(ATOM    381  CB  TYR A  27)   1.08846   1.17936   0.95894   1.07101
   C(ATOM    382  CG  TYR A  27)   1.09276   0.97184   1.00193   0.99041
   C(ATOM    383  CD1 TYR A  27)   1.10928   1.00665   0.99974   0.96791
   C(ATOM    384  CD2 TYR A  27)   1.11322   1.05692   0.95661   0.96520
   C(ATOM    385  CE1 TYR A  27)   1.11503   1.09051   1.05325   1.06811
   C(ATOM    386  CE2 TYR A  27)   1.10957   1.04077   1.08398   1.03841
   C(ATOM    387  CZ  TYR A  27)   1.07732   0.94013   0.85444   0.81722
   O(ATOM    388  OH  TYR A  27)   1.78335   1.46373   1.68054   1.54624
   H(ATOM    389  H   TYR A  27)   0.72959
   H(ATOM    390  HA  TYR A  27)   0.84567
   H(ATOM    391  HB2 TYR A  27)   0.82107
   H(ATOM    392  HB3 TYR A  27)   0.82745
   H(ATOM    393  HD1 TYR A  27)   0.85158
   H(ATOM    394  HD2 TYR A  27)   0.83520
   H(ATOM    395  HE1 TYR A  27)   0.83009
   H(ATOM    396  HE2 TYR A  27)   0.81559
   H(ATOM    397  HH  TYR A  27)   0.66580
   N(ATOM    398  N   GLY A  28)   1.46993   1.41407   1.37223   1.16410
   C(ATOM    399  CA  GLY A  28)   1.10375   1.01080   1.03789   1.05587
   C(ATOM    400  C   GLY A  28)   1.06962   0.79576   0.77080   0.79549
   O(ATOM    401  O   GLY A  28)   1.85542   1.73183   1.75623   1.32907
   H(ATOM    402  H   GLY A  28)   0.72495
   H(ATOM    403  HA2 GLY A  28)   0.81284
   H(ATOM    404  HA3 GLY A  28)   0.80916
   N(ATOM    405  N   LYS A  29)   1.47816   1.33466   1.29132   1.29959
   C(ATOM    406  CA  LYS A  29)   1.10059   0.93425   0.97522   1.02207
   C(ATOM    407  C   LYS A  29)   1.06216   0.79060   0.75399   0.83306
   O(ATOM    408  O   LYS A  29)   1.84742   1.73113   1.65759   1.39735
   C(ATOM    409  CB  LYS A  29)   1.09246   1.14540   1.07899   0.97311
   C(ATOM    410  CG  LYS A  29)   1.08752   1.10751   1.09602   0.97943
   C(ATOM    411  CD  LYS A  29)   1.09118   0.92947   1.11976   1.13025
   C(ATOM    412  CE  LYS A  29)   1.11169   1.13642   0.87028   1.16115
   N(ATOM    413  NZ  LYS A  29)   1.36942   1.22520   1.19451   1.21507
   H(ATOM    414  H   LYS A  29)   0.68919
   H(ATOM    415  HA  LYS A  29)   0.83095
   H(ATOM    416  HB2 LYS A  29)   0.84679
   H(ATOM    417  HB3 LYS A  29)   0.81871
   H(ATOM    418  HG2 LYS A  29)   0.81235
   H(ATOM    419  HG3 LYS A  29)   0.86651
   H(ATOM    420  HD2 LYS A  29)   0.81616
   H(ATOM    421  HD3 LYS A  29)   0.84445
   H(ATOM    422  HE2 LYS A  29)   0.78976
   H(ATOM    423  HE3 LYS A  29)   0.81615
   H(ATOM    424  HZ1 LYS A  29)   0.72496
   H(ATOM    425  HZ2 LYS A  29)   0.76072
   H(ATOM    426  HZ3 LYS A  29)   0.75604
   N(ATOM    427  N   CYS A  30)   1.47565   1.16923   1.49961   1.25243
   C(ATOM    428  CA  CYS A  30)   1.09859   0.93911   0.97482   1.02801
   C(ATOM    429  C   CYS A  30)   1.06876   0.74223   0.84614   0.77964
   O(ATOM    430  O   CYS A  30)   1.85887   1.56976   1.75614   1.43941
   C(ATOM    431  CB  CYS A  30)   1.10898   0.96902   1.19629   1.02657
   S(ATOM    432  SG  CYS A  30)   1.94031   1.67932   1.14678   1.12663   0.01838   0.03578   0.02675   0.03902   0.00584
   H(ATOM    433  H   CYS A  30)   0.68174
   H(ATOM    434  HA  CYS A  30)   0.82344
   H(ATOM    435  HB2 CYS A  30)   0.80530
   H(ATOM    436  HB3 CYS A  30)   0.78834
   N(ATOM    437  N   LEU A  31)   1.46763   1.62525   1.12196   1.17894
   C(ATOM    438  CA  LEU A  31)   1.10141   1.00321   0.86280   1.05867
   C(ATOM    439  C   LEU A  31)   1.07766   0.75322   0.78576   0.81752
   O(ATOM    440  O   LEU A  31)   1.84916   1.59415   1.63637   1.56692
   C(ATOM    441  CB  LEU A  31)   1.09975   0.97004   1.10476   1.15701
   C(ATOM    442  CG  LEU A  31)   1.07229   0.94443   0.97484   0.96257
   C(ATOM    443  CD1 LEU A  31)   1.09118   1.13047   1.15130   1.14501
   C(ATOM    444  CD2 LEU A  31)   1.08956   1.14908   1.13590   1.12873
   H(ATOM    445  H   LEU A  31)   0.69670
   H(ATOM    446  HA  LEU A  31)   0.83278
   H(ATOM    447  HB2 LEU A  31)   0.84722
   H(ATOM    448  HB3 LEU A  31)   0.84413
   H(ATOM    449  HG  LEU A  31)   0.86796
   H(ATOM    450 HD11 LEU A  31)   0.82261
   H(ATOM    451 HD12 LEU A  31)   0.86833
   H(ATOM    452 HD13 LEU A  31)   0.84610
   H(ATOM    453 HD21 LEU A  31)   0.82758
   H(ATOM    454 HD22 LEU A  31)   0.85584
   H(ATOM    455 HD23 LEU A  31)   0.86292
   N(ATOM    456  N   VAL A  32)   1.47568   1.54720   1.12477   1.26102
   C(ATOM    457  CA  VAL A  32)   1.11211   1.06280   1.01125   0.89555
   C(ATOM    458  C   VAL A  32)   1.07169   0.81683   0.74282   0.81896
   O(ATOM    459  O   VAL A  32)   1.86009   1.29854   1.59966   1.84789
   C(ATOM    460  CB  VAL A  32)   1.08003   0.99213   0.89667   1.05112
   C(ATOM    461  CG1 VAL A  32)   1.08951   1.07213   1.13916   1.18746
   C(ATOM    462  CG2 VAL A  32)   1.09020   1.13751   1.15322   1.12245
   H(ATOM    463  H   VAL A  32)   0.72928
   H(ATOM    464  HA  VAL A  32)   0.83347
   H(ATOM    465  HB  VAL A  32)   0.87640
   H(ATOM    466 HG11 VAL A  32)   0.81990
   H(ATOM    467 HG12 VAL A  32)   0.84159
   H(ATOM    468 HG13 VAL A  32)   0.85676
   H(ATOM    469 HG21 VAL A  32)   0.83994
   H(ATOM    470 HG22 VAL A  32)   0.83465
   H(ATOM    471 HG23 VAL A  32)   0.82073
   N(ATOM    472  N   ARG A  33)   1.47759   1.20692   1.58943   1.15651
   C(ATOM    473  CA  ARG A  33)   1.11789   0.99474   1.08307   0.89627
   C(ATOM    474  C   ARG A  33)   1.04597   0.74860   0.74441   0.73765
   O(ATOM    475  O   ARG A  33)   1.86583   1.64209   1.56031   1.64458
   C(ATOM    476  CB  ARG A  33)   1.08598   1.09304   1.11507   0.96367
   C(ATOM    477  CG  ARG A  33)   1.08920   1.01090   1.13447   1.03702
   C(ATOM    478  CD  ARG A  33)   1.09493   1.13984   1.11764   0.76974
   N(ATOM    479  NE  ARG A  33)   1.45671   1.34245   1.45158   1.11677
   C(ATOM    480  CZ  ARG A  33)   1.00171   0.84202   0.85108   0.83607
   N(ATOM    481  NH1 ARG A  33)   1.42214   1.35007   1.45757   1.23472
   N(ATOM    482  NH2 ARG A  33)   1.42476   1.43414   1.46624   1.13897
   H(ATOM    483  H   ARG A  33)   0.70925
   H(ATOM    484  HA  ARG A  33)   0.87189
   H(ATOM    485  HB2 ARG A  33)   0.86806
   H(ATOM    486  HB3 ARG A  33)   0.83661
   H(ATOM    487  HG2 ARG A  33)   0.80672
   H(ATOM    488  HG3 ARG A  33)   0.84801
   H(ATOM    489  HD2 ARG A  33)   0.85902
   H(ATOM    490  HD3 ARG A  33)   0.84264
   H(ATOM    491  HE  ARG A  33)   0.69534
   H(ATOM    492 HH11 ARG A  33)   0.70176
   H(ATOM    493 HH12 ARG A  33)   0.70044
   H(ATOM    494 HH21 ARG A  33)   0.69516
   H(ATOM    495 HH22 ARG A  33)   0.70005
   O(ATOM    496  OXT ARG A  33)   1.86437   1.52074   1.71926   1.68340

 **********************
 *                    *
 * JOB ENDED NORMALLY *
 *                    *
 **********************



 TOTAL JOB TIME:           135.52 SECONDS

 == MOPAC DONE ==
